date,tag,asset,downloads
"2026-05-16","v0.1.13","TrueforceForAll-Setup-0.1.13.exe",5
"2026-05-16","v0.1.12","TrueforceForAll-Setup-0.1.12.exe",7
"2026-05-16","v0.1.11","TrueforceForAll-Setup-0.1.11.exe",11
"2026-05-16","v0.1.10","TrueforceForAll-Setup-0.1.10.exe",7
"2026-05-16","v0.1.9","TrueforceForAll-Setup-0.1.9.exe",5
"2026-05-16","v0.1.8","TrueforceForAll-Setup-0.1.8.exe",2
"2026-05-16","v0.1.7","TrueforceForAll-Setup-0.1.7.exe",1
"2026-05-16","v0.1.6","TrueforceForAll-Setup-0.1.6.exe",1
"2026-05-16","v0.1.5","TrueforceForAll-Setup-0.1.5.exe",2
"2026-05-16","v0.1.3","TrueforceForAll-Setup-0.1.3.exe",2
"2026-05-16","v0.1.2","TrueforceForAll-Setup-0.1.2.exe",1
"2026-05-16","v0.1.1","TrueforceForAll-Setup-0.1.1.exe",0
"2026-05-16","v0.1.0","TrueforceForAll-Setup.exe",0
"2026-05-17","v0.1.14","TrueforceForAll-Setup-0.1.14.exe",25
"2026-05-17","v0.1.13","TrueforceForAll-Setup-0.1.13.exe",6
"2026-05-17","v0.1.12","TrueforceForAll-Setup-0.1.12.exe",7
"2026-05-17","v0.1.11","TrueforceForAll-Setup-0.1.11.exe",11
"2026-05-17","v0.1.10","TrueforceForAll-Setup-0.1.10.exe",7
"2026-05-17","v0.1.9","TrueforceForAll-Setup-0.1.9.exe",6
"2026-05-17","v0.1.8","TrueforceForAll-Setup-0.1.8.exe",2
"2026-05-17","v0.1.7","TrueforceForAll-Setup-0.1.7.exe",1
"2026-05-17","v0.1.6","TrueforceForAll-Setup-0.1.6.exe",1
"2026-05-17","v0.1.5","TrueforceForAll-Setup-0.1.5.exe",2
"2026-05-17","v0.1.3","TrueforceForAll-Setup-0.1.3.exe",2
"2026-05-17","v0.1.2","TrueforceForAll-Setup-0.1.2.exe",1
"2026-05-17","v0.1.1","TrueforceForAll-Setup-0.1.1.exe",0
"2026-05-17","v0.1.0","TrueforceForAll-Setup.exe",1
"2026-05-18","v0.1.18","TrueforceForAll-Setup-0.1.18.exe",31
"2026-05-18","v0.1.17","TrueforceForAll-Setup-0.1.17.exe",1
"2026-05-18","v0.1.16","TrueforceForAll-Setup-0.1.16.exe",11
"2026-05-18","v0.1.15","TrueforceForAll-Setup-0.1.15.exe",8
"2026-05-18","v0.1.14","TrueforceForAll-Setup-0.1.14.exe",34
"2026-05-18","v0.1.13","TrueforceForAll-Setup-0.1.13.exe",6
"2026-05-18","v0.1.12","TrueforceForAll-Setup-0.1.12.exe",7
"2026-05-18","v0.1.11","TrueforceForAll-Setup-0.1.11.exe",11
"2026-05-18","v0.1.10","TrueforceForAll-Setup-0.1.10.exe",7
"2026-05-18","v0.1.9","TrueforceForAll-Setup-0.1.9.exe",6
"2026-05-18","v0.1.8","TrueforceForAll-Setup-0.1.8.exe",2
"2026-05-18","v0.1.7","TrueforceForAll-Setup-0.1.7.exe",1
"2026-05-18","v0.1.6","TrueforceForAll-Setup-0.1.6.exe",1
"2026-05-18","v0.1.5","TrueforceForAll-Setup-0.1.5.exe",2
"2026-05-18","v0.1.3","TrueforceForAll-Setup-0.1.3.exe",2
"2026-05-18","v0.1.2","TrueforceForAll-Setup-0.1.2.exe",1
"2026-05-18","v0.1.1","TrueforceForAll-Setup-0.1.1.exe",0
"2026-05-18","v0.1.0","TrueforceForAll-Setup.exe",1
"2026-05-19","v0.1.18","TrueforceForAll-Setup-0.1.18.exe",76
"2026-05-19","v0.1.17","TrueforceForAll-Setup-0.1.17.exe",1
"2026-05-19","v0.1.16","TrueforceForAll-Setup-0.1.16.exe",11
"2026-05-19","v0.1.15","TrueforceForAll-Setup-0.1.15.exe",8
"2026-05-19","v0.1.14","TrueforceForAll-Setup-0.1.14.exe",34
"2026-05-19","v0.1.13","TrueforceForAll-Setup-0.1.13.exe",6
"2026-05-19","v0.1.12","TrueforceForAll-Setup-0.1.12.exe",7
"2026-05-19","v0.1.11","TrueforceForAll-Setup-0.1.11.exe",11
"2026-05-19","v0.1.10","TrueforceForAll-Setup-0.1.10.exe",7
"2026-05-19","v0.1.9","TrueforceForAll-Setup-0.1.9.exe",6
"2026-05-19","v0.1.8","TrueforceForAll-Setup-0.1.8.exe",2
"2026-05-19","v0.1.7","TrueforceForAll-Setup-0.1.7.exe",1
"2026-05-19","v0.1.6","TrueforceForAll-Setup-0.1.6.exe",1
"2026-05-19","v0.1.5","TrueforceForAll-Setup-0.1.5.exe",2
"2026-05-19","v0.1.3","TrueforceForAll-Setup-0.1.3.exe",2
"2026-05-19","v0.1.2","TrueforceForAll-Setup-0.1.2.exe",1
"2026-05-19","v0.1.1","TrueforceForAll-Setup-0.1.1.exe",0
"2026-05-19","v0.1.0","TrueforceForAll-Setup.exe",1
"2026-05-20","v0.1.18","TrueforceForAll-Setup-0.1.18.exe",125
"2026-05-20","v0.1.17","TrueforceForAll-Setup-0.1.17.exe",2
"2026-05-20","v0.1.16","TrueforceForAll-Setup-0.1.16.exe",11
"2026-05-20","v0.1.15","TrueforceForAll-Setup-0.1.15.exe",8
"2026-05-20","v0.1.14","TrueforceForAll-Setup-0.1.14.exe",34
"2026-05-20","v0.1.13","TrueforceForAll-Setup-0.1.13.exe",6
"2026-05-20","v0.1.12","TrueforceForAll-Setup-0.1.12.exe",7
"2026-05-20","v0.1.11","TrueforceForAll-Setup-0.1.11.exe",11
"2026-05-20","v0.1.10","TrueforceForAll-Setup-0.1.10.exe",7
"2026-05-20","v0.1.9","TrueforceForAll-Setup-0.1.9.exe",6
"2026-05-20","v0.1.8","TrueforceForAll-Setup-0.1.8.exe",2
"2026-05-20","v0.1.7","TrueforceForAll-Setup-0.1.7.exe",1
"2026-05-20","v0.1.6","TrueforceForAll-Setup-0.1.6.exe",1
"2026-05-20","v0.1.5","TrueforceForAll-Setup-0.1.5.exe",2
"2026-05-20","v0.1.3","TrueforceForAll-Setup-0.1.3.exe",2
"2026-05-20","v0.1.2","TrueforceForAll-Setup-0.1.2.exe",1
"2026-05-20","v0.1.1","TrueforceForAll-Setup-0.1.1.exe",0
"2026-05-20","v0.1.0","TrueforceForAll-Setup.exe",1
"2026-05-21","v0.1.18","TrueforceForAll-Setup-0.1.18.exe",150
"2026-05-21","v0.1.17","TrueforceForAll-Setup-0.1.17.exe",2
"2026-05-21","v0.1.16","TrueforceForAll-Setup-0.1.16.exe",11
"2026-05-21","v0.1.15","TrueforceForAll-Setup-0.1.15.exe",8
"2026-05-21","v0.1.14","TrueforceForAll-Setup-0.1.14.exe",34
"2026-05-21","v0.1.13","TrueforceForAll-Setup-0.1.13.exe",6
"2026-05-21","v0.1.12","TrueforceForAll-Setup-0.1.12.exe",7
"2026-05-21","v0.1.11","TrueforceForAll-Setup-0.1.11.exe",11
"2026-05-21","v0.1.10","TrueforceForAll-Setup-0.1.10.exe",7
"2026-05-21","v0.1.9","TrueforceForAll-Setup-0.1.9.exe",6
"2026-05-21","v0.1.8","TrueforceForAll-Setup-0.1.8.exe",2
"2026-05-21","v0.1.7","TrueforceForAll-Setup-0.1.7.exe",1
"2026-05-21","v0.1.6","TrueforceForAll-Setup-0.1.6.exe",1
"2026-05-21","v0.1.5","TrueforceForAll-Setup-0.1.5.exe",2
"2026-05-21","v0.1.3","TrueforceForAll-Setup-0.1.3.exe",2
"2026-05-21","v0.1.2","TrueforceForAll-Setup-0.1.2.exe",1
"2026-05-21","v0.1.1","TrueforceForAll-Setup-0.1.1.exe",0
"2026-05-21","v0.1.0","TrueforceForAll-Setup.exe",1
"2026-05-22","v0.1.18","TrueforceForAll-Setup-0.1.18.exe",176
"2026-05-22","v0.1.17","TrueforceForAll-Setup-0.1.17.exe",2
"2026-05-22","v0.1.16","TrueforceForAll-Setup-0.1.16.exe",11
"2026-05-22","v0.1.15","TrueforceForAll-Setup-0.1.15.exe",8
"2026-05-22","v0.1.14","TrueforceForAll-Setup-0.1.14.exe",34
"2026-05-22","v0.1.13","TrueforceForAll-Setup-0.1.13.exe",6
"2026-05-22","v0.1.12","TrueforceForAll-Setup-0.1.12.exe",7
"2026-05-22","v0.1.11","TrueforceForAll-Setup-0.1.11.exe",11
"2026-05-22","v0.1.10","TrueforceForAll-Setup-0.1.10.exe",7
"2026-05-22","v0.1.9","TrueforceForAll-Setup-0.1.9.exe",6
"2026-05-22","v0.1.8","TrueforceForAll-Setup-0.1.8.exe",2
"2026-05-22","v0.1.7","TrueforceForAll-Setup-0.1.7.exe",1
"2026-05-22","v0.1.6","TrueforceForAll-Setup-0.1.6.exe",1
"2026-05-22","v0.1.5","TrueforceForAll-Setup-0.1.5.exe",2
"2026-05-22","v0.1.3","TrueforceForAll-Setup-0.1.3.exe",2
"2026-05-22","v0.1.2","TrueforceForAll-Setup-0.1.2.exe",1
"2026-05-22","v0.1.1","TrueforceForAll-Setup-0.1.1.exe",0
"2026-05-22","v0.1.0","TrueforceForAll-Setup.exe",1
"2026-05-23","v0.1.18","TrueforceForAll-Setup-0.1.18.exe",219
"2026-05-23","v0.1.17","TrueforceForAll-Setup-0.1.17.exe",2
"2026-05-23","v0.1.16","TrueforceForAll-Setup-0.1.16.exe",11
"2026-05-23","v0.1.15","TrueforceForAll-Setup-0.1.15.exe",8
"2026-05-23","v0.1.14","TrueforceForAll-Setup-0.1.14.exe",34
"2026-05-23","v0.1.13","TrueforceForAll-Setup-0.1.13.exe",6
"2026-05-23","v0.1.12","TrueforceForAll-Setup-0.1.12.exe",7
"2026-05-23","v0.1.11","TrueforceForAll-Setup-0.1.11.exe",11
"2026-05-23","v0.1.10","TrueforceForAll-Setup-0.1.10.exe",7
"2026-05-23","v0.1.9","TrueforceForAll-Setup-0.1.9.exe",6
"2026-05-23","v0.1.8","TrueforceForAll-Setup-0.1.8.exe",2
"2026-05-23","v0.1.7","TrueforceForAll-Setup-0.1.7.exe",1
"2026-05-23","v0.1.6","TrueforceForAll-Setup-0.1.6.exe",1
"2026-05-23","v0.1.5","TrueforceForAll-Setup-0.1.5.exe",2
"2026-05-23","v0.1.3","TrueforceForAll-Setup-0.1.3.exe",2
"2026-05-23","v0.1.2","TrueforceForAll-Setup-0.1.2.exe",1
"2026-05-23","v0.1.1","TrueforceForAll-Setup-0.1.1.exe",0
"2026-05-23","v0.1.0","TrueforceForAll-Setup.exe",1
"2026-05-24","v0.1.18","TrueforceForAll-Setup-0.1.18.exe",253
"2026-05-24","v0.1.17","TrueforceForAll-Setup-0.1.17.exe",2
"2026-05-24","v0.1.16","TrueforceForAll-Setup-0.1.16.exe",11
"2026-05-24","v0.1.15","TrueforceForAll-Setup-0.1.15.exe",8
"2026-05-24","v0.1.14","TrueforceForAll-Setup-0.1.14.exe",34
"2026-05-24","v0.1.13","TrueforceForAll-Setup-0.1.13.exe",6
"2026-05-24","v0.1.12","TrueforceForAll-Setup-0.1.12.exe",7
"2026-05-24","v0.1.11","TrueforceForAll-Setup-0.1.11.exe",11
"2026-05-24","v0.1.10","TrueforceForAll-Setup-0.1.10.exe",7
"2026-05-24","v0.1.9","TrueforceForAll-Setup-0.1.9.exe",6
"2026-05-24","v0.1.8","TrueforceForAll-Setup-0.1.8.exe",2
"2026-05-24","v0.1.7","TrueforceForAll-Setup-0.1.7.exe",1
"2026-05-24","v0.1.6","TrueforceForAll-Setup-0.1.6.exe",1
"2026-05-24","v0.1.5","TrueforceForAll-Setup-0.1.5.exe",2
"2026-05-24","v0.1.3","TrueforceForAll-Setup-0.1.3.exe",2
"2026-05-24","v0.1.2","TrueforceForAll-Setup-0.1.2.exe",1
"2026-05-24","v0.1.1","TrueforceForAll-Setup-0.1.1.exe",0
"2026-05-24","v0.1.0","TrueforceForAll-Setup.exe",1
"2026-05-25","v0.1.18","TrueforceForAll-Setup-0.1.18.exe",281
"2026-05-25","v0.1.17","TrueforceForAll-Setup-0.1.17.exe",3
"2026-05-25","v0.1.16","TrueforceForAll-Setup-0.1.16.exe",11
"2026-05-25","v0.1.15","TrueforceForAll-Setup-0.1.15.exe",8
"2026-05-25","v0.1.14","TrueforceForAll-Setup-0.1.14.exe",34
"2026-05-25","v0.1.13","TrueforceForAll-Setup-0.1.13.exe",6
"2026-05-25","v0.1.12","TrueforceForAll-Setup-0.1.12.exe",7
"2026-05-25","v0.1.11","TrueforceForAll-Setup-0.1.11.exe",11
"2026-05-25","v0.1.10","TrueforceForAll-Setup-0.1.10.exe",7
"2026-05-25","v0.1.9","TrueforceForAll-Setup-0.1.9.exe",6
"2026-05-25","v0.1.8","TrueforceForAll-Setup-0.1.8.exe",2
"2026-05-25","v0.1.7","TrueforceForAll-Setup-0.1.7.exe",1
"2026-05-25","v0.1.6","TrueforceForAll-Setup-0.1.6.exe",1
"2026-05-25","v0.1.5","TrueforceForAll-Setup-0.1.5.exe",2
"2026-05-25","v0.1.3","TrueforceForAll-Setup-0.1.3.exe",2
"2026-05-25","v0.1.2","TrueforceForAll-Setup-0.1.2.exe",1
"2026-05-25","v0.1.1","TrueforceForAll-Setup-0.1.1.exe",0
"2026-05-25","v0.1.0","TrueforceForAll-Setup.exe",1
"2026-05-26","v0.1.19","TrueforceForAll-Setup-0.1.19.exe",79
"2026-05-26","v0.1.18","TrueforceForAll-Setup-0.1.18.exe",284
"2026-05-26","v0.1.17","TrueforceForAll-Setup-0.1.17.exe",3
"2026-05-26","v0.1.16","TrueforceForAll-Setup-0.1.16.exe",11
"2026-05-26","v0.1.15","TrueforceForAll-Setup-0.1.15.exe",8
"2026-05-26","v0.1.14","TrueforceForAll-Setup-0.1.14.exe",34
"2026-05-26","v0.1.13","TrueforceForAll-Setup-0.1.13.exe",6
"2026-05-26","v0.1.12","TrueforceForAll-Setup-0.1.12.exe",7
"2026-05-26","v0.1.11","TrueforceForAll-Setup-0.1.11.exe",11
"2026-05-26","v0.1.10","TrueforceForAll-Setup-0.1.10.exe",7
"2026-05-26","v0.1.9","TrueforceForAll-Setup-0.1.9.exe",6
"2026-05-26","v0.1.8","TrueforceForAll-Setup-0.1.8.exe",2
"2026-05-26","v0.1.7","TrueforceForAll-Setup-0.1.7.exe",1
"2026-05-26","v0.1.6","TrueforceForAll-Setup-0.1.6.exe",1
"2026-05-26","v0.1.5","TrueforceForAll-Setup-0.1.5.exe",2
"2026-05-26","v0.1.3","TrueforceForAll-Setup-0.1.3.exe",2
"2026-05-26","v0.1.2","TrueforceForAll-Setup-0.1.2.exe",1
"2026-05-26","v0.1.1","TrueforceForAll-Setup-0.1.1.exe",0
"2026-05-26","v0.1.0","TrueforceForAll-Setup.exe",1
"2026-05-27","v0.1.19","TrueforceForAll-Setup-0.1.19.exe",147
"2026-05-27","v0.1.18","TrueforceForAll-Setup-0.1.18.exe",285
"2026-05-27","v0.1.17","TrueforceForAll-Setup-0.1.17.exe",3
"2026-05-27","v0.1.16","TrueforceForAll-Setup-0.1.16.exe",11
"2026-05-27","v0.1.15","TrueforceForAll-Setup-0.1.15.exe",8
"2026-05-27","v0.1.14","TrueforceForAll-Setup-0.1.14.exe",34
"2026-05-27","v0.1.13","TrueforceForAll-Setup-0.1.13.exe",6
"2026-05-27","v0.1.12","TrueforceForAll-Setup-0.1.12.exe",7
"2026-05-27","v0.1.11","TrueforceForAll-Setup-0.1.11.exe",11
"2026-05-27","v0.1.10","TrueforceForAll-Setup-0.1.10.exe",7
"2026-05-27","v0.1.9","TrueforceForAll-Setup-0.1.9.exe",6
"2026-05-27","v0.1.8","TrueforceForAll-Setup-0.1.8.exe",2
"2026-05-27","v0.1.7","TrueforceForAll-Setup-0.1.7.exe",1
"2026-05-27","v0.1.6","TrueforceForAll-Setup-0.1.6.exe",1
"2026-05-27","v0.1.5","TrueforceForAll-Setup-0.1.5.exe",2
"2026-05-27","v0.1.3","TrueforceForAll-Setup-0.1.3.exe",2
"2026-05-27","v0.1.2","TrueforceForAll-Setup-0.1.2.exe",1
"2026-05-27","v0.1.1","TrueforceForAll-Setup-0.1.1.exe",0
"2026-05-27","v0.1.0","TrueforceForAll-Setup.exe",1
"2026-05-28","v0.1.19","TrueforceForAll-Setup-0.1.19.exe",198
"2026-05-28","v0.1.18","TrueforceForAll-Setup-0.1.18.exe",286
"2026-05-28","v0.1.17","TrueforceForAll-Setup-0.1.17.exe",3
"2026-05-28","v0.1.16","TrueforceForAll-Setup-0.1.16.exe",11
"2026-05-28","v0.1.15","TrueforceForAll-Setup-0.1.15.exe",8
"2026-05-28","v0.1.14","TrueforceForAll-Setup-0.1.14.exe",34
"2026-05-28","v0.1.13","TrueforceForAll-Setup-0.1.13.exe",6
"2026-05-28","v0.1.12","TrueforceForAll-Setup-0.1.12.exe",7
"2026-05-28","v0.1.11","TrueforceForAll-Setup-0.1.11.exe",11
"2026-05-28","v0.1.10","TrueforceForAll-Setup-0.1.10.exe",7
"2026-05-28","v0.1.9","TrueforceForAll-Setup-0.1.9.exe",6
"2026-05-28","v0.1.8","TrueforceForAll-Setup-0.1.8.exe",2
"2026-05-28","v0.1.7","TrueforceForAll-Setup-0.1.7.exe",1
"2026-05-28","v0.1.6","TrueforceForAll-Setup-0.1.6.exe",1
"2026-05-28","v0.1.5","TrueforceForAll-Setup-0.1.5.exe",2
"2026-05-28","v0.1.3","TrueforceForAll-Setup-0.1.3.exe",2
"2026-05-28","v0.1.2","TrueforceForAll-Setup-0.1.2.exe",1
"2026-05-28","v0.1.1","TrueforceForAll-Setup-0.1.1.exe",0
"2026-05-28","v0.1.0","TrueforceForAll-Setup.exe",1
"2026-05-29","v0.1.19","TrueforceForAll-Setup-0.1.19.exe",247
"2026-05-29","v0.1.18","TrueforceForAll-Setup-0.1.18.exe",286
"2026-05-29","v0.1.17","TrueforceForAll-Setup-0.1.17.exe",3
"2026-05-29","v0.1.16","TrueforceForAll-Setup-0.1.16.exe",11
"2026-05-29","v0.1.15","TrueforceForAll-Setup-0.1.15.exe",8
"2026-05-29","v0.1.14","TrueforceForAll-Setup-0.1.14.exe",34
"2026-05-29","v0.1.13","TrueforceForAll-Setup-0.1.13.exe",6
"2026-05-29","v0.1.12","TrueforceForAll-Setup-0.1.12.exe",7
"2026-05-29","v0.1.11","TrueforceForAll-Setup-0.1.11.exe",11
"2026-05-29","v0.1.10","TrueforceForAll-Setup-0.1.10.exe",7
"2026-05-29","v0.1.9","TrueforceForAll-Setup-0.1.9.exe",6
"2026-05-29","v0.1.8","TrueforceForAll-Setup-0.1.8.exe",2
"2026-05-29","v0.1.7","TrueforceForAll-Setup-0.1.7.exe",1
"2026-05-29","v0.1.6","TrueforceForAll-Setup-0.1.6.exe",1
"2026-05-29","v0.1.5","TrueforceForAll-Setup-0.1.5.exe",2
"2026-05-29","v0.1.3","TrueforceForAll-Setup-0.1.3.exe",2
"2026-05-29","v0.1.2","TrueforceForAll-Setup-0.1.2.exe",1
"2026-05-29","v0.1.1","TrueforceForAll-Setup-0.1.1.exe",0
"2026-05-29","v0.1.0","TrueforceForAll-Setup.exe",1
"2026-05-30","v0.1.20","TrueforceForAll-Setup-0.1.20.exe",43
"2026-05-30","v0.1.19","TrueforceForAll-Setup-0.1.19.exe",272
"2026-05-30","v0.1.18","TrueforceForAll-Setup-0.1.18.exe",286
"2026-05-30","v0.1.17","TrueforceForAll-Setup-0.1.17.exe",3
"2026-05-30","v0.1.16","TrueforceForAll-Setup-0.1.16.exe",11
"2026-05-30","v0.1.15","TrueforceForAll-Setup-0.1.15.exe",8
"2026-05-30","v0.1.14","TrueforceForAll-Setup-0.1.14.exe",34
"2026-05-30","v0.1.13","TrueforceForAll-Setup-0.1.13.exe",6
"2026-05-30","v0.1.12","TrueforceForAll-Setup-0.1.12.exe",7
"2026-05-30","v0.1.11","TrueforceForAll-Setup-0.1.11.exe",11
"2026-05-30","v0.1.10","TrueforceForAll-Setup-0.1.10.exe",7
"2026-05-30","v0.1.9","TrueforceForAll-Setup-0.1.9.exe",6
"2026-05-30","v0.1.8","TrueforceForAll-Setup-0.1.8.exe",2
"2026-05-30","v0.1.7","TrueforceForAll-Setup-0.1.7.exe",1
"2026-05-30","v0.1.6","TrueforceForAll-Setup-0.1.6.exe",1
"2026-05-30","v0.1.5","TrueforceForAll-Setup-0.1.5.exe",2
"2026-05-30","v0.1.3","TrueforceForAll-Setup-0.1.3.exe",2
"2026-05-30","v0.1.2","TrueforceForAll-Setup-0.1.2.exe",1
"2026-05-30","v0.1.1","TrueforceForAll-Setup-0.1.1.exe",0
"2026-05-30","v0.1.0","TrueforceForAll-Setup.exe",1
"2026-05-31","v0.1.22","TrueforceForAll-Setup-0.1.22.exe",45
"2026-05-31","v0.1.21","TrueforceForAll-Setup-0.1.21.exe",21
"2026-05-31","v0.1.20","TrueforceForAll-Setup-0.1.20.exe",101
"2026-05-31","v0.1.19","TrueforceForAll-Setup-0.1.19.exe",272
"2026-05-31","v0.1.18","TrueforceForAll-Setup-0.1.18.exe",286
"2026-05-31","v0.1.17","TrueforceForAll-Setup-0.1.17.exe",3
"2026-05-31","v0.1.16","TrueforceForAll-Setup-0.1.16.exe",11
"2026-05-31","v0.1.15","TrueforceForAll-Setup-0.1.15.exe",8
"2026-05-31","v0.1.14","TrueforceForAll-Setup-0.1.14.exe",34
"2026-05-31","v0.1.13","TrueforceForAll-Setup-0.1.13.exe",9
"2026-05-31","v0.1.12","TrueforceForAll-Setup-0.1.12.exe",7
"2026-05-31","v0.1.11","TrueforceForAll-Setup-0.1.11.exe",11
"2026-05-31","v0.1.10","TrueforceForAll-Setup-0.1.10.exe",7
"2026-05-31","v0.1.9","TrueforceForAll-Setup-0.1.9.exe",6
"2026-05-31","v0.1.8","TrueforceForAll-Setup-0.1.8.exe",2
"2026-05-31","v0.1.7","TrueforceForAll-Setup-0.1.7.exe",1
"2026-05-31","v0.1.6","TrueforceForAll-Setup-0.1.6.exe",1
"2026-05-31","v0.1.5","TrueforceForAll-Setup-0.1.5.exe",2
"2026-05-31","v0.1.3","TrueforceForAll-Setup-0.1.3.exe",2
"2026-05-31","v0.1.2","TrueforceForAll-Setup-0.1.2.exe",1
"2026-05-31","v0.1.1","TrueforceForAll-Setup-0.1.1.exe",0
"2026-05-31","v0.1.0","TrueforceForAll-Setup.exe",1
"2026-06-01","v0.1.22","TrueforceForAll-Setup-0.1.22.exe",144
"2026-06-01","v0.1.21","TrueforceForAll-Setup-0.1.21.exe",21
"2026-06-01","v0.1.20","TrueforceForAll-Setup-0.1.20.exe",102
"2026-06-01","v0.1.19","TrueforceForAll-Setup-0.1.19.exe",273
"2026-06-01","v0.1.18","TrueforceForAll-Setup-0.1.18.exe",286
"2026-06-01","v0.1.17","TrueforceForAll-Setup-0.1.17.exe",3
"2026-06-01","v0.1.16","TrueforceForAll-Setup-0.1.16.exe",11
"2026-06-01","v0.1.15","TrueforceForAll-Setup-0.1.15.exe",8
"2026-06-01","v0.1.14","TrueforceForAll-Setup-0.1.14.exe",34
"2026-06-01","v0.1.13","TrueforceForAll-Setup-0.1.13.exe",9
"2026-06-01","v0.1.12","TrueforceForAll-Setup-0.1.12.exe",7
"2026-06-01","v0.1.11","TrueforceForAll-Setup-0.1.11.exe",11
"2026-06-01","v0.1.10","TrueforceForAll-Setup-0.1.10.exe",7
"2026-06-01","v0.1.9","TrueforceForAll-Setup-0.1.9.exe",6
"2026-06-01","v0.1.8","TrueforceForAll-Setup-0.1.8.exe",2
"2026-06-01","v0.1.7","TrueforceForAll-Setup-0.1.7.exe",1
"2026-06-01","v0.1.6","TrueforceForAll-Setup-0.1.6.exe",1
"2026-06-01","v0.1.5","TrueforceForAll-Setup-0.1.5.exe",2
"2026-06-01","v0.1.3","TrueforceForAll-Setup-0.1.3.exe",2
"2026-06-01","v0.1.2","TrueforceForAll-Setup-0.1.2.exe",1
"2026-06-01","v0.1.1","TrueforceForAll-Setup-0.1.1.exe",0
"2026-06-01","v0.1.0","TrueforceForAll-Setup.exe",1
"2026-06-02","v0.1.22","TrueforceForAll-Setup-0.1.22.exe",211
"2026-06-02","v0.1.21","TrueforceForAll-Setup-0.1.21.exe",21
"2026-06-02","v0.1.20","TrueforceForAll-Setup-0.1.20.exe",103
"2026-06-02","v0.1.19","TrueforceForAll-Setup-0.1.19.exe",273
"2026-06-02","v0.1.18","TrueforceForAll-Setup-0.1.18.exe",287
"2026-06-02","v0.1.17","TrueforceForAll-Setup-0.1.17.exe",3
"2026-06-02","v0.1.16","TrueforceForAll-Setup-0.1.16.exe",11
"2026-06-02","v0.1.15","TrueforceForAll-Setup-0.1.15.exe",8
"2026-06-02","v0.1.14","TrueforceForAll-Setup-0.1.14.exe",34
"2026-06-02","v0.1.13","TrueforceForAll-Setup-0.1.13.exe",9
"2026-06-02","v0.1.12","TrueforceForAll-Setup-0.1.12.exe",7
"2026-06-02","v0.1.11","TrueforceForAll-Setup-0.1.11.exe",11
"2026-06-02","v0.1.10","TrueforceForAll-Setup-0.1.10.exe",7
"2026-06-02","v0.1.9","TrueforceForAll-Setup-0.1.9.exe",6
"2026-06-02","v0.1.8","TrueforceForAll-Setup-0.1.8.exe",2
"2026-06-02","v0.1.7","TrueforceForAll-Setup-0.1.7.exe",1
"2026-06-02","v0.1.6","TrueforceForAll-Setup-0.1.6.exe",1
"2026-06-02","v0.1.5","TrueforceForAll-Setup-0.1.5.exe",2
"2026-06-02","v0.1.3","TrueforceForAll-Setup-0.1.3.exe",2
"2026-06-02","v0.1.2","TrueforceForAll-Setup-0.1.2.exe",1
"2026-06-02","v0.1.1","TrueforceForAll-Setup-0.1.1.exe",0
"2026-06-02","v0.1.0","TrueforceForAll-Setup.exe",1
"2026-06-03","v0.1.23","TrueforceForAll-Setup-0.1.23.exe",71
"2026-06-03","v0.1.22","TrueforceForAll-Setup-0.1.22.exe",213
"2026-06-03","v0.1.21","TrueforceForAll-Setup-0.1.21.exe",21
"2026-06-03","v0.1.20","TrueforceForAll-Setup-0.1.20.exe",104
"2026-06-03","v0.1.19","TrueforceForAll-Setup-0.1.19.exe",273
"2026-06-03","v0.1.18","TrueforceForAll-Setup-0.1.18.exe",287
"2026-06-03","v0.1.17","TrueforceForAll-Setup-0.1.17.exe",3
"2026-06-03","v0.1.16","TrueforceForAll-Setup-0.1.16.exe",11
"2026-06-03","v0.1.15","TrueforceForAll-Setup-0.1.15.exe",8
"2026-06-03","v0.1.14","TrueforceForAll-Setup-0.1.14.exe",34
"2026-06-03","v0.1.13","TrueforceForAll-Setup-0.1.13.exe",9
"2026-06-03","v0.1.12","TrueforceForAll-Setup-0.1.12.exe",7
"2026-06-03","v0.1.11","TrueforceForAll-Setup-0.1.11.exe",11
"2026-06-03","v0.1.10","TrueforceForAll-Setup-0.1.10.exe",7
"2026-06-03","v0.1.9","TrueforceForAll-Setup-0.1.9.exe",6
"2026-06-03","v0.1.8","TrueforceForAll-Setup-0.1.8.exe",2
"2026-06-03","v0.1.7","TrueforceForAll-Setup-0.1.7.exe",1
"2026-06-03","v0.1.6","TrueforceForAll-Setup-0.1.6.exe",1
"2026-06-03","v0.1.5","TrueforceForAll-Setup-0.1.5.exe",2
"2026-06-03","v0.1.3","TrueforceForAll-Setup-0.1.3.exe",2
"2026-06-03","v0.1.2","TrueforceForAll-Setup-0.1.2.exe",1
"2026-06-03","v0.1.1","TrueforceForAll-Setup-0.1.1.exe",0
"2026-06-03","v0.1.0","TrueforceForAll-Setup.exe",1
"2026-06-04","v0.1.23","TrueforceForAll-Setup-0.1.23.exe",128
"2026-06-04","v0.1.22","TrueforceForAll-Setup-0.1.22.exe",213
"2026-06-04","v0.1.21","TrueforceForAll-Setup-0.1.21.exe",21
"2026-06-04","v0.1.20","TrueforceForAll-Setup-0.1.20.exe",104
"2026-06-04","v0.1.19","TrueforceForAll-Setup-0.1.19.exe",273
"2026-06-04","v0.1.18","TrueforceForAll-Setup-0.1.18.exe",287
"2026-06-04","v0.1.17","TrueforceForAll-Setup-0.1.17.exe",3
"2026-06-04","v0.1.16","TrueforceForAll-Setup-0.1.16.exe",11
"2026-06-04","v0.1.15","TrueforceForAll-Setup-0.1.15.exe",8
"2026-06-04","v0.1.14","TrueforceForAll-Setup-0.1.14.exe",34
"2026-06-04","v0.1.13","TrueforceForAll-Setup-0.1.13.exe",9
"2026-06-04","v0.1.12","TrueforceForAll-Setup-0.1.12.exe",7
"2026-06-04","v0.1.11","TrueforceForAll-Setup-0.1.11.exe",11
"2026-06-04","v0.1.10","TrueforceForAll-Setup-0.1.10.exe",7
"2026-06-04","v0.1.9","TrueforceForAll-Setup-0.1.9.exe",6
"2026-06-04","v0.1.8","TrueforceForAll-Setup-0.1.8.exe",2
"2026-06-04","v0.1.7","TrueforceForAll-Setup-0.1.7.exe",1
"2026-06-04","v0.1.6","TrueforceForAll-Setup-0.1.6.exe",1
"2026-06-04","v0.1.5","TrueforceForAll-Setup-0.1.5.exe",2
"2026-06-04","v0.1.3","TrueforceForAll-Setup-0.1.3.exe",2
"2026-06-04","v0.1.2","TrueforceForAll-Setup-0.1.2.exe",1
"2026-06-04","v0.1.1","TrueforceForAll-Setup-0.1.1.exe",0
"2026-06-04","v0.1.0","TrueforceForAll-Setup.exe",1
"2026-06-05","v0.1.23","TrueforceForAll-Setup-0.1.23.exe",180
"2026-06-05","v0.1.22","TrueforceForAll-Setup-0.1.22.exe",213
"2026-06-05","v0.1.21","TrueforceForAll-Setup-0.1.21.exe",21
"2026-06-05","v0.1.20","TrueforceForAll-Setup-0.1.20.exe",104
"2026-06-05","v0.1.19","TrueforceForAll-Setup-0.1.19.exe",273
"2026-06-05","v0.1.18","TrueforceForAll-Setup-0.1.18.exe",287
"2026-06-05","v0.1.17","TrueforceForAll-Setup-0.1.17.exe",3
"2026-06-05","v0.1.16","TrueforceForAll-Setup-0.1.16.exe",11
"2026-06-05","v0.1.15","TrueforceForAll-Setup-0.1.15.exe",8
"2026-06-05","v0.1.14","TrueforceForAll-Setup-0.1.14.exe",34
"2026-06-05","v0.1.13","TrueforceForAll-Setup-0.1.13.exe",9
"2026-06-05","v0.1.12","TrueforceForAll-Setup-0.1.12.exe",7
"2026-06-05","v0.1.11","TrueforceForAll-Setup-0.1.11.exe",11
"2026-06-05","v0.1.10","TrueforceForAll-Setup-0.1.10.exe",7
"2026-06-05","v0.1.9","TrueforceForAll-Setup-0.1.9.exe",6
"2026-06-05","v0.1.8","TrueforceForAll-Setup-0.1.8.exe",2
"2026-06-05","v0.1.7","TrueforceForAll-Setup-0.1.7.exe",1
"2026-06-05","v0.1.6","TrueforceForAll-Setup-0.1.6.exe",1
"2026-06-05","v0.1.5","TrueforceForAll-Setup-0.1.5.exe",2
"2026-06-05","v0.1.3","TrueforceForAll-Setup-0.1.3.exe",2
"2026-06-05","v0.1.2","TrueforceForAll-Setup-0.1.2.exe",1
"2026-06-05","v0.1.1","TrueforceForAll-Setup-0.1.1.exe",0
"2026-06-05","v0.1.0","TrueforceForAll-Setup.exe",1
"2026-06-06","v0.1.23","TrueforceForAll-Setup-0.1.23.exe",243
"2026-06-06","v0.1.22","TrueforceForAll-Setup-0.1.22.exe",214
"2026-06-06","v0.1.21","TrueforceForAll-Setup-0.1.21.exe",21
"2026-06-06","v0.1.20","TrueforceForAll-Setup-0.1.20.exe",104
"2026-06-06","v0.1.19","TrueforceForAll-Setup-0.1.19.exe",273
"2026-06-06","v0.1.18","TrueforceForAll-Setup-0.1.18.exe",287
"2026-06-06","v0.1.17","TrueforceForAll-Setup-0.1.17.exe",3
"2026-06-06","v0.1.16","TrueforceForAll-Setup-0.1.16.exe",11
"2026-06-06","v0.1.15","TrueforceForAll-Setup-0.1.15.exe",8
"2026-06-06","v0.1.14","TrueforceForAll-Setup-0.1.14.exe",34
"2026-06-06","v0.1.13","TrueforceForAll-Setup-0.1.13.exe",9
"2026-06-06","v0.1.12","TrueforceForAll-Setup-0.1.12.exe",7
"2026-06-06","v0.1.11","TrueforceForAll-Setup-0.1.11.exe",11
"2026-06-06","v0.1.10","TrueforceForAll-Setup-0.1.10.exe",7
"2026-06-06","v0.1.9","TrueforceForAll-Setup-0.1.9.exe",6
"2026-06-06","v0.1.8","TrueforceForAll-Setup-0.1.8.exe",2
"2026-06-06","v0.1.7","TrueforceForAll-Setup-0.1.7.exe",1
"2026-06-06","v0.1.6","TrueforceForAll-Setup-0.1.6.exe",1
"2026-06-06","v0.1.5","TrueforceForAll-Setup-0.1.5.exe",2
"2026-06-06","v0.1.3","TrueforceForAll-Setup-0.1.3.exe",2
"2026-06-06","v0.1.2","TrueforceForAll-Setup-0.1.2.exe",1
"2026-06-06","v0.1.1","TrueforceForAll-Setup-0.1.1.exe",0
"2026-06-06","v0.1.0","TrueforceForAll-Setup.exe",1
"2026-06-07","v0.1.23","TrueforceForAll-Setup-0.1.23.exe",293
"2026-06-07","v0.1.22","TrueforceForAll-Setup-0.1.22.exe",214
"2026-06-07","v0.1.21","TrueforceForAll-Setup-0.1.21.exe",21
"2026-06-07","v0.1.20","TrueforceForAll-Setup-0.1.20.exe",104
"2026-06-07","v0.1.19","TrueforceForAll-Setup-0.1.19.exe",273
"2026-06-07","v0.1.18","TrueforceForAll-Setup-0.1.18.exe",287
"2026-06-07","v0.1.17","TrueforceForAll-Setup-0.1.17.exe",3
"2026-06-07","v0.1.16","TrueforceForAll-Setup-0.1.16.exe",11
"2026-06-07","v0.1.15","TrueforceForAll-Setup-0.1.15.exe",8
"2026-06-07","v0.1.14","TrueforceForAll-Setup-0.1.14.exe",34
"2026-06-07","v0.1.13","TrueforceForAll-Setup-0.1.13.exe",9
"2026-06-07","v0.1.12","TrueforceForAll-Setup-0.1.12.exe",7
"2026-06-07","v0.1.11","TrueforceForAll-Setup-0.1.11.exe",11
"2026-06-07","v0.1.10","TrueforceForAll-Setup-0.1.10.exe",7
"2026-06-07","v0.1.9","TrueforceForAll-Setup-0.1.9.exe",6
"2026-06-07","v0.1.8","TrueforceForAll-Setup-0.1.8.exe",2
"2026-06-07","v0.1.7","TrueforceForAll-Setup-0.1.7.exe",1
"2026-06-07","v0.1.6","TrueforceForAll-Setup-0.1.6.exe",1
"2026-06-07","v0.1.5","TrueforceForAll-Setup-0.1.5.exe",2
"2026-06-07","v0.1.3","TrueforceForAll-Setup-0.1.3.exe",3
"2026-06-07","v0.1.2","TrueforceForAll-Setup-0.1.2.exe",1
"2026-06-07","v0.1.1","TrueforceForAll-Setup-0.1.1.exe",0
"2026-06-07","v0.1.0","TrueforceForAll-Setup.exe",1
"2026-06-08","v0.1.23","TrueforceForAll-Setup-0.1.23.exe",341
"2026-06-08","v0.1.22","TrueforceForAll-Setup-0.1.22.exe",214
"2026-06-08","v0.1.21","TrueforceForAll-Setup-0.1.21.exe",21
"2026-06-08","v0.1.20","TrueforceForAll-Setup-0.1.20.exe",104
"2026-06-08","v0.1.19","TrueforceForAll-Setup-0.1.19.exe",273
"2026-06-08","v0.1.18","TrueforceForAll-Setup-0.1.18.exe",287
"2026-06-08","v0.1.17","TrueforceForAll-Setup-0.1.17.exe",3
"2026-06-08","v0.1.16","TrueforceForAll-Setup-0.1.16.exe",11
"2026-06-08","v0.1.15","TrueforceForAll-Setup-0.1.15.exe",8
"2026-06-08","v0.1.14","TrueforceForAll-Setup-0.1.14.exe",34
"2026-06-08","v0.1.13","TrueforceForAll-Setup-0.1.13.exe",9
"2026-06-08","v0.1.12","TrueforceForAll-Setup-0.1.12.exe",7
"2026-06-08","v0.1.11","TrueforceForAll-Setup-0.1.11.exe",11
"2026-06-08","v0.1.10","TrueforceForAll-Setup-0.1.10.exe",7
"2026-06-08","v0.1.9","TrueforceForAll-Setup-0.1.9.exe",6
"2026-06-08","v0.1.8","TrueforceForAll-Setup-0.1.8.exe",2
"2026-06-08","v0.1.7","TrueforceForAll-Setup-0.1.7.exe",1
"2026-06-08","v0.1.6","TrueforceForAll-Setup-0.1.6.exe",1
"2026-06-08","v0.1.5","TrueforceForAll-Setup-0.1.5.exe",2
"2026-06-08","v0.1.3","TrueforceForAll-Setup-0.1.3.exe",3
"2026-06-08","v0.1.2","TrueforceForAll-Setup-0.1.2.exe",1
"2026-06-08","v0.1.1","TrueforceForAll-Setup-0.1.1.exe",0
"2026-06-08","v0.1.0","TrueforceForAll-Setup.exe",1
"2026-06-09","v0.1.23","TrueforceForAll-Setup-0.1.23.exe",367
"2026-06-09","v0.1.22","TrueforceForAll-Setup-0.1.22.exe",214
"2026-06-09","v0.1.21","TrueforceForAll-Setup-0.1.21.exe",21
"2026-06-09","v0.1.20","TrueforceForAll-Setup-0.1.20.exe",104
"2026-06-09","v0.1.19","TrueforceForAll-Setup-0.1.19.exe",273
"2026-06-09","v0.1.18","TrueforceForAll-Setup-0.1.18.exe",288
"2026-06-09","v0.1.17","TrueforceForAll-Setup-0.1.17.exe",3
"2026-06-09","v0.1.16","TrueforceForAll-Setup-0.1.16.exe",11
"2026-06-09","v0.1.15","TrueforceForAll-Setup-0.1.15.exe",8
"2026-06-09","v0.1.14","TrueforceForAll-Setup-0.1.14.exe",34
"2026-06-09","v0.1.13","TrueforceForAll-Setup-0.1.13.exe",9
"2026-06-09","v0.1.12","TrueforceForAll-Setup-0.1.12.exe",7
"2026-06-09","v0.1.11","TrueforceForAll-Setup-0.1.11.exe",11
"2026-06-09","v0.1.10","TrueforceForAll-Setup-0.1.10.exe",7
"2026-06-09","v0.1.9","TrueforceForAll-Setup-0.1.9.exe",6
"2026-06-09","v0.1.8","TrueforceForAll-Setup-0.1.8.exe",2
"2026-06-09","v0.1.7","TrueforceForAll-Setup-0.1.7.exe",1
"2026-06-09","v0.1.6","TrueforceForAll-Setup-0.1.6.exe",1
"2026-06-09","v0.1.5","TrueforceForAll-Setup-0.1.5.exe",2
"2026-06-09","v0.1.3","TrueforceForAll-Setup-0.1.3.exe",3
"2026-06-09","v0.1.2","TrueforceForAll-Setup-0.1.2.exe",1
"2026-06-09","v0.1.1","TrueforceForAll-Setup-0.1.1.exe",0
"2026-06-09","v0.1.0","TrueforceForAll-Setup.exe",1
"2026-06-10","v0.1.23","TrueforceForAll-Setup-0.1.23.exe",395
"2026-06-10","v0.1.22","TrueforceForAll-Setup-0.1.22.exe",214
"2026-06-10","v0.1.21","TrueforceForAll-Setup-0.1.21.exe",21
"2026-06-10","v0.1.20","TrueforceForAll-Setup-0.1.20.exe",104
"2026-06-10","v0.1.19","TrueforceForAll-Setup-0.1.19.exe",273
"2026-06-10","v0.1.18","TrueforceForAll-Setup-0.1.18.exe",288
"2026-06-10","v0.1.17","TrueforceForAll-Setup-0.1.17.exe",3
"2026-06-10","v0.1.16","TrueforceForAll-Setup-0.1.16.exe",11
"2026-06-10","v0.1.15","TrueforceForAll-Setup-0.1.15.exe",8
"2026-06-10","v0.1.14","TrueforceForAll-Setup-0.1.14.exe",34
"2026-06-10","v0.1.13","TrueforceForAll-Setup-0.1.13.exe",9
"2026-06-10","v0.1.12","TrueforceForAll-Setup-0.1.12.exe",7
"2026-06-10","v0.1.11","TrueforceForAll-Setup-0.1.11.exe",11
"2026-06-10","v0.1.10","TrueforceForAll-Setup-0.1.10.exe",7
"2026-06-10","v0.1.9","TrueforceForAll-Setup-0.1.9.exe",6
"2026-06-10","v0.1.8","TrueforceForAll-Setup-0.1.8.exe",2
"2026-06-10","v0.1.7","TrueforceForAll-Setup-0.1.7.exe",1
"2026-06-10","v0.1.6","TrueforceForAll-Setup-0.1.6.exe",1
"2026-06-10","v0.1.5","TrueforceForAll-Setup-0.1.5.exe",2
"2026-06-10","v0.1.3","TrueforceForAll-Setup-0.1.3.exe",3
"2026-06-10","v0.1.2","TrueforceForAll-Setup-0.1.2.exe",1
"2026-06-10","v0.1.1","TrueforceForAll-Setup-0.1.1.exe",0
"2026-06-10","v0.1.0","TrueforceForAll-Setup.exe",1
"2026-06-11","v0.1.23","TrueforceForAll-Setup-0.1.23.exe",411
"2026-06-11","v0.1.22","TrueforceForAll-Setup-0.1.22.exe",214
"2026-06-11","v0.1.21","TrueforceForAll-Setup-0.1.21.exe",21
"2026-06-11","v0.1.20","TrueforceForAll-Setup-0.1.20.exe",104
"2026-06-11","v0.1.19","TrueforceForAll-Setup-0.1.19.exe",273
"2026-06-11","v0.1.18","TrueforceForAll-Setup-0.1.18.exe",288
"2026-06-11","v0.1.17","TrueforceForAll-Setup-0.1.17.exe",3
"2026-06-11","v0.1.16","TrueforceForAll-Setup-0.1.16.exe",11
"2026-06-11","v0.1.15","TrueforceForAll-Setup-0.1.15.exe",8
"2026-06-11","v0.1.14","TrueforceForAll-Setup-0.1.14.exe",34
"2026-06-11","v0.1.13","TrueforceForAll-Setup-0.1.13.exe",9
"2026-06-11","v0.1.12","TrueforceForAll-Setup-0.1.12.exe",7
"2026-06-11","v0.1.11","TrueforceForAll-Setup-0.1.11.exe",11
"2026-06-11","v0.1.10","TrueforceForAll-Setup-0.1.10.exe",7
"2026-06-11","v0.1.9","TrueforceForAll-Setup-0.1.9.exe",6
"2026-06-11","v0.1.8","TrueforceForAll-Setup-0.1.8.exe",2
"2026-06-11","v0.1.7","TrueforceForAll-Setup-0.1.7.exe",1
"2026-06-11","v0.1.6","TrueforceForAll-Setup-0.1.6.exe",1
"2026-06-11","v0.1.5","TrueforceForAll-Setup-0.1.5.exe",2
"2026-06-11","v0.1.3","TrueforceForAll-Setup-0.1.3.exe",3
"2026-06-11","v0.1.2","TrueforceForAll-Setup-0.1.2.exe",1
"2026-06-11","v0.1.1","TrueforceForAll-Setup-0.1.1.exe",0
"2026-06-11","v0.1.0","TrueforceForAll-Setup.exe",1
"2026-06-12","v0.1.23","TrueforceForAll-Setup-0.1.23.exe",439
"2026-06-12","v0.1.22","TrueforceForAll-Setup-0.1.22.exe",214
"2026-06-12","v0.1.21","TrueforceForAll-Setup-0.1.21.exe",21
"2026-06-12","v0.1.20","TrueforceForAll-Setup-0.1.20.exe",104
"2026-06-12","v0.1.19","TrueforceForAll-Setup-0.1.19.exe",273
"2026-06-12","v0.1.18","TrueforceForAll-Setup-0.1.18.exe",288
"2026-06-12","v0.1.17","TrueforceForAll-Setup-0.1.17.exe",3
"2026-06-12","v0.1.16","TrueforceForAll-Setup-0.1.16.exe",11
"2026-06-12","v0.1.15","TrueforceForAll-Setup-0.1.15.exe",8
"2026-06-12","v0.1.14","TrueforceForAll-Setup-0.1.14.exe",34
"2026-06-12","v0.1.13","TrueforceForAll-Setup-0.1.13.exe",9
"2026-06-12","v0.1.12","TrueforceForAll-Setup-0.1.12.exe",7
"2026-06-12","v0.1.11","TrueforceForAll-Setup-0.1.11.exe",11
"2026-06-12","v0.1.10","TrueforceForAll-Setup-0.1.10.exe",7
"2026-06-12","v0.1.9","TrueforceForAll-Setup-0.1.9.exe",6
"2026-06-12","v0.1.8","TrueforceForAll-Setup-0.1.8.exe",2
"2026-06-12","v0.1.7","TrueforceForAll-Setup-0.1.7.exe",1
"2026-06-12","v0.1.6","TrueforceForAll-Setup-0.1.6.exe",1
"2026-06-12","v0.1.5","TrueforceForAll-Setup-0.1.5.exe",2
"2026-06-12","v0.1.3","TrueforceForAll-Setup-0.1.3.exe",3
"2026-06-12","v0.1.2","TrueforceForAll-Setup-0.1.2.exe",1
"2026-06-12","v0.1.1","TrueforceForAll-Setup-0.1.1.exe",0
"2026-06-12","v0.1.0","TrueforceForAll-Setup.exe",1
"2026-06-13","v0.1.23","TrueforceForAll-Setup-0.1.23.exe",473
"2026-06-13","v0.1.22","TrueforceForAll-Setup-0.1.22.exe",214
"2026-06-13","v0.1.21","TrueforceForAll-Setup-0.1.21.exe",21
"2026-06-13","v0.1.20","TrueforceForAll-Setup-0.1.20.exe",104
"2026-06-13","v0.1.19","TrueforceForAll-Setup-0.1.19.exe",273
"2026-06-13","v0.1.18","TrueforceForAll-Setup-0.1.18.exe",288
"2026-06-13","v0.1.17","TrueforceForAll-Setup-0.1.17.exe",3
"2026-06-13","v0.1.16","TrueforceForAll-Setup-0.1.16.exe",11
"2026-06-13","v0.1.15","TrueforceForAll-Setup-0.1.15.exe",8
"2026-06-13","v0.1.14","TrueforceForAll-Setup-0.1.14.exe",34
"2026-06-13","v0.1.13","TrueforceForAll-Setup-0.1.13.exe",9
"2026-06-13","v0.1.12","TrueforceForAll-Setup-0.1.12.exe",7
"2026-06-13","v0.1.11","TrueforceForAll-Setup-0.1.11.exe",11
"2026-06-13","v0.1.10","TrueforceForAll-Setup-0.1.10.exe",7
"2026-06-13","v0.1.9","TrueforceForAll-Setup-0.1.9.exe",6
"2026-06-13","v0.1.8","TrueforceForAll-Setup-0.1.8.exe",2
"2026-06-13","v0.1.7","TrueforceForAll-Setup-0.1.7.exe",1
"2026-06-13","v0.1.6","TrueforceForAll-Setup-0.1.6.exe",1
"2026-06-13","v0.1.5","TrueforceForAll-Setup-0.1.5.exe",2
"2026-06-13","v0.1.3","TrueforceForAll-Setup-0.1.3.exe",3
"2026-06-13","v0.1.2","TrueforceForAll-Setup-0.1.2.exe",1
"2026-06-13","v0.1.1","TrueforceForAll-Setup-0.1.1.exe",0
"2026-06-13","v0.1.0","TrueforceForAll-Setup.exe",1
"2026-06-14","v0.1.23","TrueforceForAll-Setup-0.1.23.exe",503
"2026-06-14","v0.1.22","TrueforceForAll-Setup-0.1.22.exe",215
"2026-06-14","v0.1.21","TrueforceForAll-Setup-0.1.21.exe",21
"2026-06-14","v0.1.20","TrueforceForAll-Setup-0.1.20.exe",104
"2026-06-14","v0.1.19","TrueforceForAll-Setup-0.1.19.exe",273
"2026-06-14","v0.1.18","TrueforceForAll-Setup-0.1.18.exe",288
"2026-06-14","v0.1.17","TrueforceForAll-Setup-0.1.17.exe",3
"2026-06-14","v0.1.16","TrueforceForAll-Setup-0.1.16.exe",11
"2026-06-14","v0.1.15","TrueforceForAll-Setup-0.1.15.exe",8
"2026-06-14","v0.1.14","TrueforceForAll-Setup-0.1.14.exe",34
"2026-06-14","v0.1.13","TrueforceForAll-Setup-0.1.13.exe",9
"2026-06-14","v0.1.12","TrueforceForAll-Setup-0.1.12.exe",7
"2026-06-14","v0.1.11","TrueforceForAll-Setup-0.1.11.exe",11
"2026-06-14","v0.1.10","TrueforceForAll-Setup-0.1.10.exe",7
"2026-06-14","v0.1.9","TrueforceForAll-Setup-0.1.9.exe",6
"2026-06-14","v0.1.8","TrueforceForAll-Setup-0.1.8.exe",2
"2026-06-14","v0.1.7","TrueforceForAll-Setup-0.1.7.exe",1
"2026-06-14","v0.1.6","TrueforceForAll-Setup-0.1.6.exe",1
"2026-06-14","v0.1.5","TrueforceForAll-Setup-0.1.5.exe",2
"2026-06-14","v0.1.3","TrueforceForAll-Setup-0.1.3.exe",3
"2026-06-14","v0.1.2","TrueforceForAll-Setup-0.1.2.exe",1
"2026-06-14","v0.1.1","TrueforceForAll-Setup-0.1.1.exe",0
"2026-06-14","v0.1.0","TrueforceForAll-Setup.exe",1
"2026-06-15","v0.1.23","TrueforceForAll-Setup-0.1.23.exe",516
"2026-06-15","v0.1.22","TrueforceForAll-Setup-0.1.22.exe",215
"2026-06-15","v0.1.21","TrueforceForAll-Setup-0.1.21.exe",21
"2026-06-15","v0.1.20","TrueforceForAll-Setup-0.1.20.exe",104
"2026-06-15","v0.1.19","TrueforceForAll-Setup-0.1.19.exe",273
"2026-06-15","v0.1.18","TrueforceForAll-Setup-0.1.18.exe",288
"2026-06-15","v0.1.17","TrueforceForAll-Setup-0.1.17.exe",3
"2026-06-15","v0.1.16","TrueforceForAll-Setup-0.1.16.exe",11
"2026-06-15","v0.1.15","TrueforceForAll-Setup-0.1.15.exe",8
"2026-06-15","v0.1.14","TrueforceForAll-Setup-0.1.14.exe",34
"2026-06-15","v0.1.13","TrueforceForAll-Setup-0.1.13.exe",9
"2026-06-15","v0.1.12","TrueforceForAll-Setup-0.1.12.exe",7
"2026-06-15","v0.1.11","TrueforceForAll-Setup-0.1.11.exe",11
"2026-06-15","v0.1.10","TrueforceForAll-Setup-0.1.10.exe",7
"2026-06-15","v0.1.9","TrueforceForAll-Setup-0.1.9.exe",6
"2026-06-15","v0.1.8","TrueforceForAll-Setup-0.1.8.exe",2
"2026-06-15","v0.1.7","TrueforceForAll-Setup-0.1.7.exe",1
"2026-06-15","v0.1.6","TrueforceForAll-Setup-0.1.6.exe",1
"2026-06-15","v0.1.5","TrueforceForAll-Setup-0.1.5.exe",2
"2026-06-15","v0.1.3","TrueforceForAll-Setup-0.1.3.exe",3
"2026-06-15","v0.1.2","TrueforceForAll-Setup-0.1.2.exe",1
"2026-06-15","v0.1.1","TrueforceForAll-Setup-0.1.1.exe",0
"2026-06-15","v0.1.0","TrueforceForAll-Setup.exe",1
"2026-06-16","v0.1.23","TrueforceForAll-Setup-0.1.23.exe",532
"2026-06-16","v0.1.22","TrueforceForAll-Setup-0.1.22.exe",215
"2026-06-16","v0.1.21","TrueforceForAll-Setup-0.1.21.exe",21
"2026-06-16","v0.1.20","TrueforceForAll-Setup-0.1.20.exe",104
"2026-06-16","v0.1.19","TrueforceForAll-Setup-0.1.19.exe",273
"2026-06-16","v0.1.18","TrueforceForAll-Setup-0.1.18.exe",288
"2026-06-16","v0.1.17","TrueforceForAll-Setup-0.1.17.exe",3
"2026-06-16","v0.1.16","TrueforceForAll-Setup-0.1.16.exe",11
"2026-06-16","v0.1.15","TrueforceForAll-Setup-0.1.15.exe",8
"2026-06-16","v0.1.14","TrueforceForAll-Setup-0.1.14.exe",34
"2026-06-16","v0.1.13","TrueforceForAll-Setup-0.1.13.exe",9
"2026-06-16","v0.1.12","TrueforceForAll-Setup-0.1.12.exe",7
"2026-06-16","v0.1.11","TrueforceForAll-Setup-0.1.11.exe",11
"2026-06-16","v0.1.10","TrueforceForAll-Setup-0.1.10.exe",7
"2026-06-16","v0.1.9","TrueforceForAll-Setup-0.1.9.exe",6
"2026-06-16","v0.1.8","TrueforceForAll-Setup-0.1.8.exe",2
"2026-06-16","v0.1.7","TrueforceForAll-Setup-0.1.7.exe",1
"2026-06-16","v0.1.6","TrueforceForAll-Setup-0.1.6.exe",1
"2026-06-16","v0.1.5","TrueforceForAll-Setup-0.1.5.exe",2
"2026-06-16","v0.1.3","TrueforceForAll-Setup-0.1.3.exe",3
"2026-06-16","v0.1.2","TrueforceForAll-Setup-0.1.2.exe",1
"2026-06-16","v0.1.1","TrueforceForAll-Setup-0.1.1.exe",0
"2026-06-16","v0.1.0","TrueforceForAll-Setup.exe",1
"2026-06-17","v0.1.23","TrueforceForAll-Setup-0.1.23.exe",559
"2026-06-17","v0.1.22","TrueforceForAll-Setup-0.1.22.exe",215
"2026-06-17","v0.1.21","TrueforceForAll-Setup-0.1.21.exe",21
"2026-06-17","v0.1.20","TrueforceForAll-Setup-0.1.20.exe",104
"2026-06-17","v0.1.19","TrueforceForAll-Setup-0.1.19.exe",273
"2026-06-17","v0.1.18","TrueforceForAll-Setup-0.1.18.exe",288
"2026-06-17","v0.1.17","TrueforceForAll-Setup-0.1.17.exe",3
"2026-06-17","v0.1.16","TrueforceForAll-Setup-0.1.16.exe",11
"2026-06-17","v0.1.15","TrueforceForAll-Setup-0.1.15.exe",8
"2026-06-17","v0.1.14","TrueforceForAll-Setup-0.1.14.exe",34
"2026-06-17","v0.1.13","TrueforceForAll-Setup-0.1.13.exe",9
"2026-06-17","v0.1.12","TrueforceForAll-Setup-0.1.12.exe",7
"2026-06-17","v0.1.11","TrueforceForAll-Setup-0.1.11.exe",11
"2026-06-17","v0.1.10","TrueforceForAll-Setup-0.1.10.exe",7
"2026-06-17","v0.1.9","TrueforceForAll-Setup-0.1.9.exe",6
"2026-06-17","v0.1.8","TrueforceForAll-Setup-0.1.8.exe",2
"2026-06-17","v0.1.7","TrueforceForAll-Setup-0.1.7.exe",1
"2026-06-17","v0.1.6","TrueforceForAll-Setup-0.1.6.exe",1
"2026-06-17","v0.1.5","TrueforceForAll-Setup-0.1.5.exe",2
"2026-06-17","v0.1.3","TrueforceForAll-Setup-0.1.3.exe",3
"2026-06-17","v0.1.2","TrueforceForAll-Setup-0.1.2.exe",1
"2026-06-17","v0.1.1","TrueforceForAll-Setup-0.1.1.exe",0
"2026-06-17","v0.1.0","TrueforceForAll-Setup.exe",1
"2026-06-18","v0.1.23","TrueforceForAll-Setup-0.1.23.exe",573
"2026-06-18","v0.1.22","TrueforceForAll-Setup-0.1.22.exe",215
"2026-06-18","v0.1.21","TrueforceForAll-Setup-0.1.21.exe",21
"2026-06-18","v0.1.20","TrueforceForAll-Setup-0.1.20.exe",104
"2026-06-18","v0.1.19","TrueforceForAll-Setup-0.1.19.exe",273
"2026-06-18","v0.1.18","TrueforceForAll-Setup-0.1.18.exe",288
"2026-06-18","v0.1.17","TrueforceForAll-Setup-0.1.17.exe",3
"2026-06-18","v0.1.16","TrueforceForAll-Setup-0.1.16.exe",11
"2026-06-18","v0.1.15","TrueforceForAll-Setup-0.1.15.exe",8
"2026-06-18","v0.1.14","TrueforceForAll-Setup-0.1.14.exe",34
"2026-06-18","v0.1.13","TrueforceForAll-Setup-0.1.13.exe",9
"2026-06-18","v0.1.12","TrueforceForAll-Setup-0.1.12.exe",7
"2026-06-18","v0.1.11","TrueforceForAll-Setup-0.1.11.exe",11
"2026-06-18","v0.1.10","TrueforceForAll-Setup-0.1.10.exe",7
"2026-06-18","v0.1.9","TrueforceForAll-Setup-0.1.9.exe",6
"2026-06-18","v0.1.8","TrueforceForAll-Setup-0.1.8.exe",2
"2026-06-18","v0.1.7","TrueforceForAll-Setup-0.1.7.exe",1
"2026-06-18","v0.1.6","TrueforceForAll-Setup-0.1.6.exe",1
"2026-06-18","v0.1.5","TrueforceForAll-Setup-0.1.5.exe",2
"2026-06-18","v0.1.3","TrueforceForAll-Setup-0.1.3.exe",3
"2026-06-18","v0.1.2","TrueforceForAll-Setup-0.1.2.exe",1
"2026-06-18","v0.1.1","TrueforceForAll-Setup-0.1.1.exe",0
"2026-06-18","v0.1.0","TrueforceForAll-Setup.exe",1
"2026-06-19","v0.1.23","TrueforceForAll-Setup-0.1.23.exe",591
"2026-06-19","v0.1.22","TrueforceForAll-Setup-0.1.22.exe",215
"2026-06-19","v0.1.21","TrueforceForAll-Setup-0.1.21.exe",22
"2026-06-19","v0.1.20","TrueforceForAll-Setup-0.1.20.exe",104
"2026-06-19","v0.1.19","TrueforceForAll-Setup-0.1.19.exe",273
"2026-06-19","v0.1.18","TrueforceForAll-Setup-0.1.18.exe",288
"2026-06-19","v0.1.17","TrueforceForAll-Setup-0.1.17.exe",3
"2026-06-19","v0.1.16","TrueforceForAll-Setup-0.1.16.exe",11
"2026-06-19","v0.1.15","TrueforceForAll-Setup-0.1.15.exe",8
"2026-06-19","v0.1.14","TrueforceForAll-Setup-0.1.14.exe",34
"2026-06-19","v0.1.13","TrueforceForAll-Setup-0.1.13.exe",9
"2026-06-19","v0.1.12","TrueforceForAll-Setup-0.1.12.exe",7
"2026-06-19","v0.1.11","TrueforceForAll-Setup-0.1.11.exe",11
"2026-06-19","v0.1.10","TrueforceForAll-Setup-0.1.10.exe",7
"2026-06-19","v0.1.9","TrueforceForAll-Setup-0.1.9.exe",6
"2026-06-19","v0.1.8","TrueforceForAll-Setup-0.1.8.exe",2
"2026-06-19","v0.1.7","TrueforceForAll-Setup-0.1.7.exe",1
"2026-06-19","v0.1.6","TrueforceForAll-Setup-0.1.6.exe",1
"2026-06-19","v0.1.5","TrueforceForAll-Setup-0.1.5.exe",2
"2026-06-19","v0.1.3","TrueforceForAll-Setup-0.1.3.exe",3
"2026-06-19","v0.1.2","TrueforceForAll-Setup-0.1.2.exe",1
"2026-06-19","v0.1.1","TrueforceForAll-Setup-0.1.1.exe",0
"2026-06-19","v0.1.0","TrueforceForAll-Setup.exe",1
"2026-06-20","v0.1.23","TrueforceForAll-Setup-0.1.23.exe",615
"2026-06-20","v0.1.22","TrueforceForAll-Setup-0.1.22.exe",215
"2026-06-20","v0.1.21","TrueforceForAll-Setup-0.1.21.exe",22
"2026-06-20","v0.1.20","TrueforceForAll-Setup-0.1.20.exe",104
"2026-06-20","v0.1.19","TrueforceForAll-Setup-0.1.19.exe",273
"2026-06-20","v0.1.18","TrueforceForAll-Setup-0.1.18.exe",288
"2026-06-20","v0.1.17","TrueforceForAll-Setup-0.1.17.exe",3
"2026-06-20","v0.1.16","TrueforceForAll-Setup-0.1.16.exe",11
"2026-06-20","v0.1.15","TrueforceForAll-Setup-0.1.15.exe",8
"2026-06-20","v0.1.14","TrueforceForAll-Setup-0.1.14.exe",34
"2026-06-20","v0.1.13","TrueforceForAll-Setup-0.1.13.exe",9
"2026-06-20","v0.1.12","TrueforceForAll-Setup-0.1.12.exe",7
"2026-06-20","v0.1.11","TrueforceForAll-Setup-0.1.11.exe",11
"2026-06-20","v0.1.10","TrueforceForAll-Setup-0.1.10.exe",7
"2026-06-20","v0.1.9","TrueforceForAll-Setup-0.1.9.exe",6
"2026-06-20","v0.1.8","TrueforceForAll-Setup-0.1.8.exe",2
"2026-06-20","v0.1.7","TrueforceForAll-Setup-0.1.7.exe",1
"2026-06-20","v0.1.6","TrueforceForAll-Setup-0.1.6.exe",1
"2026-06-20","v0.1.5","TrueforceForAll-Setup-0.1.5.exe",2
"2026-06-20","v0.1.3","TrueforceForAll-Setup-0.1.3.exe",3
"2026-06-20","v0.1.2","TrueforceForAll-Setup-0.1.2.exe",1
"2026-06-20","v0.1.1","TrueforceForAll-Setup-0.1.1.exe",0
"2026-06-20","v0.1.0","TrueforceForAll-Setup.exe",1
"2026-06-21","v0.1.23","TrueforceForAll-Setup-0.1.23.exe",639
"2026-06-21","v0.1.22","TrueforceForAll-Setup-0.1.22.exe",215
"2026-06-21","v0.1.21","TrueforceForAll-Setup-0.1.21.exe",22
"2026-06-21","v0.1.20","TrueforceForAll-Setup-0.1.20.exe",104
"2026-06-21","v0.1.19","TrueforceForAll-Setup-0.1.19.exe",273
"2026-06-21","v0.1.18","TrueforceForAll-Setup-0.1.18.exe",288
"2026-06-21","v0.1.17","TrueforceForAll-Setup-0.1.17.exe",3
"2026-06-21","v0.1.16","TrueforceForAll-Setup-0.1.16.exe",11
"2026-06-21","v0.1.15","TrueforceForAll-Setup-0.1.15.exe",8
"2026-06-21","v0.1.14","TrueforceForAll-Setup-0.1.14.exe",34
"2026-06-21","v0.1.13","TrueforceForAll-Setup-0.1.13.exe",9
"2026-06-21","v0.1.12","TrueforceForAll-Setup-0.1.12.exe",7
"2026-06-21","v0.1.11","TrueforceForAll-Setup-0.1.11.exe",11
"2026-06-21","v0.1.10","TrueforceForAll-Setup-0.1.10.exe",7
"2026-06-21","v0.1.9","TrueforceForAll-Setup-0.1.9.exe",6
"2026-06-21","v0.1.8","TrueforceForAll-Setup-0.1.8.exe",2
"2026-06-21","v0.1.7","TrueforceForAll-Setup-0.1.7.exe",1
"2026-06-21","v0.1.6","TrueforceForAll-Setup-0.1.6.exe",1
"2026-06-21","v0.1.5","TrueforceForAll-Setup-0.1.5.exe",2
"2026-06-21","v0.1.3","TrueforceForAll-Setup-0.1.3.exe",3
"2026-06-21","v0.1.2","TrueforceForAll-Setup-0.1.2.exe",1
"2026-06-21","v0.1.1","TrueforceForAll-Setup-0.1.1.exe",0
"2026-06-21","v0.1.0","TrueforceForAll-Setup.exe",1
"2026-06-22","v0.1.23","TrueforceForAll-Setup-0.1.23.exe",653
"2026-06-22","v0.1.22","TrueforceForAll-Setup-0.1.22.exe",215
"2026-06-22","v0.1.21","TrueforceForAll-Setup-0.1.21.exe",22
"2026-06-22","v0.1.20","TrueforceForAll-Setup-0.1.20.exe",104
"2026-06-22","v0.1.19","TrueforceForAll-Setup-0.1.19.exe",273
"2026-06-22","v0.1.18","TrueforceForAll-Setup-0.1.18.exe",288
"2026-06-22","v0.1.17","TrueforceForAll-Setup-0.1.17.exe",3
"2026-06-22","v0.1.16","TrueforceForAll-Setup-0.1.16.exe",11
"2026-06-22","v0.1.15","TrueforceForAll-Setup-0.1.15.exe",8
"2026-06-22","v0.1.14","TrueforceForAll-Setup-0.1.14.exe",34
"2026-06-22","v0.1.13","TrueforceForAll-Setup-0.1.13.exe",9
"2026-06-22","v0.1.12","TrueforceForAll-Setup-0.1.12.exe",7
"2026-06-22","v0.1.11","TrueforceForAll-Setup-0.1.11.exe",11
"2026-06-22","v0.1.10","TrueforceForAll-Setup-0.1.10.exe",7
"2026-06-22","v0.1.9","TrueforceForAll-Setup-0.1.9.exe",6
"2026-06-22","v0.1.8","TrueforceForAll-Setup-0.1.8.exe",2
"2026-06-22","v0.1.7","TrueforceForAll-Setup-0.1.7.exe",1
"2026-06-22","v0.1.6","TrueforceForAll-Setup-0.1.6.exe",1
"2026-06-22","v0.1.5","TrueforceForAll-Setup-0.1.5.exe",2
"2026-06-22","v0.1.3","TrueforceForAll-Setup-0.1.3.exe",3
"2026-06-22","v0.1.2","TrueforceForAll-Setup-0.1.2.exe",1
"2026-06-22","v0.1.1","TrueforceForAll-Setup-0.1.1.exe",0
"2026-06-22","v0.1.0","TrueforceForAll-Setup.exe",1
"2026-06-23","v0.1.23","TrueforceForAll-Setup-0.1.23.exe",669
"2026-06-23","v0.1.22","TrueforceForAll-Setup-0.1.22.exe",215
"2026-06-23","v0.1.21","TrueforceForAll-Setup-0.1.21.exe",22
"2026-06-23","v0.1.20","TrueforceForAll-Setup-0.1.20.exe",104
"2026-06-23","v0.1.19","TrueforceForAll-Setup-0.1.19.exe",273
"2026-06-23","v0.1.18","TrueforceForAll-Setup-0.1.18.exe",288
"2026-06-23","v0.1.17","TrueforceForAll-Setup-0.1.17.exe",3
"2026-06-23","v0.1.16","TrueforceForAll-Setup-0.1.16.exe",11
"2026-06-23","v0.1.15","TrueforceForAll-Setup-0.1.15.exe",8
"2026-06-23","v0.1.14","TrueforceForAll-Setup-0.1.14.exe",34
"2026-06-23","v0.1.13","TrueforceForAll-Setup-0.1.13.exe",9
"2026-06-23","v0.1.12","TrueforceForAll-Setup-0.1.12.exe",7
"2026-06-23","v0.1.11","TrueforceForAll-Setup-0.1.11.exe",11
"2026-06-23","v0.1.10","TrueforceForAll-Setup-0.1.10.exe",7
"2026-06-23","v0.1.9","TrueforceForAll-Setup-0.1.9.exe",6
"2026-06-23","v0.1.8","TrueforceForAll-Setup-0.1.8.exe",2
"2026-06-23","v0.1.7","TrueforceForAll-Setup-0.1.7.exe",1
"2026-06-23","v0.1.6","TrueforceForAll-Setup-0.1.6.exe",1
"2026-06-23","v0.1.5","TrueforceForAll-Setup-0.1.5.exe",2
"2026-06-23","v0.1.3","TrueforceForAll-Setup-0.1.3.exe",3
"2026-06-23","v0.1.2","TrueforceForAll-Setup-0.1.2.exe",1
"2026-06-23","v0.1.1","TrueforceForAll-Setup-0.1.1.exe",0
"2026-06-23","v0.1.0","TrueforceForAll-Setup.exe",1
"2026-06-24","v0.1.23","TrueforceForAll-Setup-0.1.23.exe",683
"2026-06-24","v0.1.22","TrueforceForAll-Setup-0.1.22.exe",215
"2026-06-24","v0.1.21","TrueforceForAll-Setup-0.1.21.exe",22
"2026-06-24","v0.1.20","TrueforceForAll-Setup-0.1.20.exe",104
"2026-06-24","v0.1.19","TrueforceForAll-Setup-0.1.19.exe",273
"2026-06-24","v0.1.18","TrueforceForAll-Setup-0.1.18.exe",288
"2026-06-24","v0.1.17","TrueforceForAll-Setup-0.1.17.exe",3
"2026-06-24","v0.1.16","TrueforceForAll-Setup-0.1.16.exe",11
"2026-06-24","v0.1.15","TrueforceForAll-Setup-0.1.15.exe",8
"2026-06-24","v0.1.14","TrueforceForAll-Setup-0.1.14.exe",34
"2026-06-24","v0.1.13","TrueforceForAll-Setup-0.1.13.exe",9
"2026-06-24","v0.1.12","TrueforceForAll-Setup-0.1.12.exe",7
"2026-06-24","v0.1.11","TrueforceForAll-Setup-0.1.11.exe",11
"2026-06-24","v0.1.10","TrueforceForAll-Setup-0.1.10.exe",7
"2026-06-24","v0.1.9","TrueforceForAll-Setup-0.1.9.exe",6
"2026-06-24","v0.1.8","TrueforceForAll-Setup-0.1.8.exe",2
"2026-06-24","v0.1.7","TrueforceForAll-Setup-0.1.7.exe",1
"2026-06-24","v0.1.6","TrueforceForAll-Setup-0.1.6.exe",1
"2026-06-24","v0.1.5","TrueforceForAll-Setup-0.1.5.exe",2
"2026-06-24","v0.1.3","TrueforceForAll-Setup-0.1.3.exe",3
"2026-06-24","v0.1.2","TrueforceForAll-Setup-0.1.2.exe",1
"2026-06-24","v0.1.1","TrueforceForAll-Setup-0.1.1.exe",0
"2026-06-24","v0.1.0","TrueforceForAll-Setup.exe",1
"2026-06-25","v0.1.23","TrueforceForAll-Setup-0.1.23.exe",707
"2026-06-25","v0.1.22","TrueforceForAll-Setup-0.1.22.exe",215
"2026-06-25","v0.1.21","TrueforceForAll-Setup-0.1.21.exe",22
"2026-06-25","v0.1.20","TrueforceForAll-Setup-0.1.20.exe",104
"2026-06-25","v0.1.19","TrueforceForAll-Setup-0.1.19.exe",273
"2026-06-25","v0.1.18","TrueforceForAll-Setup-0.1.18.exe",288
"2026-06-25","v0.1.17","TrueforceForAll-Setup-0.1.17.exe",3
"2026-06-25","v0.1.16","TrueforceForAll-Setup-0.1.16.exe",11
"2026-06-25","v0.1.15","TrueforceForAll-Setup-0.1.15.exe",8
"2026-06-25","v0.1.14","TrueforceForAll-Setup-0.1.14.exe",34
"2026-06-25","v0.1.13","TrueforceForAll-Setup-0.1.13.exe",9
"2026-06-25","v0.1.12","TrueforceForAll-Setup-0.1.12.exe",7
"2026-06-25","v0.1.11","TrueforceForAll-Setup-0.1.11.exe",11
"2026-06-25","v0.1.10","TrueforceForAll-Setup-0.1.10.exe",7
"2026-06-25","v0.1.9","TrueforceForAll-Setup-0.1.9.exe",6
"2026-06-25","v0.1.8","TrueforceForAll-Setup-0.1.8.exe",2
"2026-06-25","v0.1.7","TrueforceForAll-Setup-0.1.7.exe",1
"2026-06-25","v0.1.6","TrueforceForAll-Setup-0.1.6.exe",1
"2026-06-25","v0.1.5","TrueforceForAll-Setup-0.1.5.exe",2
"2026-06-25","v0.1.3","TrueforceForAll-Setup-0.1.3.exe",3
"2026-06-25","v0.1.2","TrueforceForAll-Setup-0.1.2.exe",1
"2026-06-25","v0.1.1","TrueforceForAll-Setup-0.1.1.exe",0
"2026-06-25","v0.1.0","TrueforceForAll-Setup.exe",1
"2026-06-26","v0.1.23","TrueforceForAll-Setup-0.1.23.exe",719
"2026-06-26","v0.1.22","TrueforceForAll-Setup-0.1.22.exe",215
"2026-06-26","v0.1.21","TrueforceForAll-Setup-0.1.21.exe",22
"2026-06-26","v0.1.20","TrueforceForAll-Setup-0.1.20.exe",104
"2026-06-26","v0.1.19","TrueforceForAll-Setup-0.1.19.exe",273
"2026-06-26","v0.1.18","TrueforceForAll-Setup-0.1.18.exe",288
"2026-06-26","v0.1.17","TrueforceForAll-Setup-0.1.17.exe",3
"2026-06-26","v0.1.16","TrueforceForAll-Setup-0.1.16.exe",11
"2026-06-26","v0.1.15","TrueforceForAll-Setup-0.1.15.exe",8
"2026-06-26","v0.1.14","TrueforceForAll-Setup-0.1.14.exe",34
"2026-06-26","v0.1.13","TrueforceForAll-Setup-0.1.13.exe",9
"2026-06-26","v0.1.12","TrueforceForAll-Setup-0.1.12.exe",7
"2026-06-26","v0.1.11","TrueforceForAll-Setup-0.1.11.exe",11
"2026-06-26","v0.1.10","TrueforceForAll-Setup-0.1.10.exe",7
"2026-06-26","v0.1.9","TrueforceForAll-Setup-0.1.9.exe",6
"2026-06-26","v0.1.8","TrueforceForAll-Setup-0.1.8.exe",2
"2026-06-26","v0.1.7","TrueforceForAll-Setup-0.1.7.exe",1
"2026-06-26","v0.1.6","TrueforceForAll-Setup-0.1.6.exe",1
"2026-06-26","v0.1.5","TrueforceForAll-Setup-0.1.5.exe",2
"2026-06-26","v0.1.3","TrueforceForAll-Setup-0.1.3.exe",3
"2026-06-26","v0.1.2","TrueforceForAll-Setup-0.1.2.exe",1
"2026-06-26","v0.1.1","TrueforceForAll-Setup-0.1.1.exe",0
"2026-06-26","v0.1.0","TrueforceForAll-Setup.exe",1
"2026-06-27","v0.1.23","TrueforceForAll-Setup-0.1.23.exe",735
"2026-06-27","v0.1.22","TrueforceForAll-Setup-0.1.22.exe",215
"2026-06-27","v0.1.21","TrueforceForAll-Setup-0.1.21.exe",22
"2026-06-27","v0.1.20","TrueforceForAll-Setup-0.1.20.exe",104
"2026-06-27","v0.1.19","TrueforceForAll-Setup-0.1.19.exe",273
"2026-06-27","v0.1.18","TrueforceForAll-Setup-0.1.18.exe",288
"2026-06-27","v0.1.17","TrueforceForAll-Setup-0.1.17.exe",3
"2026-06-27","v0.1.16","TrueforceForAll-Setup-0.1.16.exe",11
"2026-06-27","v0.1.15","TrueforceForAll-Setup-0.1.15.exe",8
"2026-06-27","v0.1.14","TrueforceForAll-Setup-0.1.14.exe",34
"2026-06-27","v0.1.13","TrueforceForAll-Setup-0.1.13.exe",9
"2026-06-27","v0.1.12","TrueforceForAll-Setup-0.1.12.exe",7
"2026-06-27","v0.1.11","TrueforceForAll-Setup-0.1.11.exe",11
"2026-06-27","v0.1.10","TrueforceForAll-Setup-0.1.10.exe",7
"2026-06-27","v0.1.9","TrueforceForAll-Setup-0.1.9.exe",6
"2026-06-27","v0.1.8","TrueforceForAll-Setup-0.1.8.exe",2
"2026-06-27","v0.1.7","TrueforceForAll-Setup-0.1.7.exe",1
"2026-06-27","v0.1.6","TrueforceForAll-Setup-0.1.6.exe",1
"2026-06-27","v0.1.5","TrueforceForAll-Setup-0.1.5.exe",2
"2026-06-27","v0.1.3","TrueforceForAll-Setup-0.1.3.exe",3
"2026-06-27","v0.1.2","TrueforceForAll-Setup-0.1.2.exe",1
"2026-06-27","v0.1.1","TrueforceForAll-Setup-0.1.1.exe",0
"2026-06-27","v0.1.0","TrueforceForAll-Setup.exe",1
"2026-06-28","v0.1.24","TrueforceForAll-Setup-0.1.24.exe",7
"2026-06-28","v0.1.23","TrueforceForAll-Setup-0.1.23.exe",760
"2026-06-28","v0.1.22","TrueforceForAll-Setup-0.1.22.exe",215
"2026-06-28","v0.1.21","TrueforceForAll-Setup-0.1.21.exe",22
"2026-06-28","v0.1.20","TrueforceForAll-Setup-0.1.20.exe",104
"2026-06-28","v0.1.19","TrueforceForAll-Setup-0.1.19.exe",273
"2026-06-28","v0.1.18","TrueforceForAll-Setup-0.1.18.exe",288
"2026-06-28","v0.1.17","TrueforceForAll-Setup-0.1.17.exe",3
"2026-06-28","v0.1.16","TrueforceForAll-Setup-0.1.16.exe",11
"2026-06-28","v0.1.15","TrueforceForAll-Setup-0.1.15.exe",8
"2026-06-28","v0.1.14","TrueforceForAll-Setup-0.1.14.exe",34
"2026-06-28","v0.1.13","TrueforceForAll-Setup-0.1.13.exe",9
"2026-06-28","v0.1.12","TrueforceForAll-Setup-0.1.12.exe",7
"2026-06-28","v0.1.11","TrueforceForAll-Setup-0.1.11.exe",11
"2026-06-28","v0.1.10","TrueforceForAll-Setup-0.1.10.exe",7
"2026-06-28","v0.1.9","TrueforceForAll-Setup-0.1.9.exe",6
"2026-06-28","v0.1.8","TrueforceForAll-Setup-0.1.8.exe",2
"2026-06-28","v0.1.7","TrueforceForAll-Setup-0.1.7.exe",1
"2026-06-28","v0.1.6","TrueforceForAll-Setup-0.1.6.exe",1
"2026-06-28","v0.1.5","TrueforceForAll-Setup-0.1.5.exe",2
"2026-06-28","v0.1.3","TrueforceForAll-Setup-0.1.3.exe",3
"2026-06-28","v0.1.2","TrueforceForAll-Setup-0.1.2.exe",1
"2026-06-28","v0.1.1","TrueforceForAll-Setup-0.1.1.exe",0
"2026-06-28","v0.1.0","TrueforceForAll-Setup.exe",1
"2026-06-29","v0.1.24","TrueforceForAll-Setup-0.1.24.exe",74
"2026-06-29","v0.1.23","TrueforceForAll-Setup-0.1.23.exe",760
"2026-06-29","v0.1.22","TrueforceForAll-Setup-0.1.22.exe",215
"2026-06-29","v0.1.21","TrueforceForAll-Setup-0.1.21.exe",22
"2026-06-29","v0.1.20","TrueforceForAll-Setup-0.1.20.exe",104
"2026-06-29","v0.1.19","TrueforceForAll-Setup-0.1.19.exe",273
"2026-06-29","v0.1.18","TrueforceForAll-Setup-0.1.18.exe",288
"2026-06-29","v0.1.17","TrueforceForAll-Setup-0.1.17.exe",3
"2026-06-29","v0.1.16","TrueforceForAll-Setup-0.1.16.exe",11
"2026-06-29","v0.1.15","TrueforceForAll-Setup-0.1.15.exe",8
"2026-06-29","v0.1.14","TrueforceForAll-Setup-0.1.14.exe",34
"2026-06-29","v0.1.13","TrueforceForAll-Setup-0.1.13.exe",9
"2026-06-29","v0.1.12","TrueforceForAll-Setup-0.1.12.exe",7
"2026-06-29","v0.1.11","TrueforceForAll-Setup-0.1.11.exe",11
"2026-06-29","v0.1.10","TrueforceForAll-Setup-0.1.10.exe",7
"2026-06-29","v0.1.9","TrueforceForAll-Setup-0.1.9.exe",6
"2026-06-29","v0.1.8","TrueforceForAll-Setup-0.1.8.exe",2
"2026-06-29","v0.1.7","TrueforceForAll-Setup-0.1.7.exe",1
"2026-06-29","v0.1.6","TrueforceForAll-Setup-0.1.6.exe",1
"2026-06-29","v0.1.5","TrueforceForAll-Setup-0.1.5.exe",2
"2026-06-29","v0.1.3","TrueforceForAll-Setup-0.1.3.exe",3
"2026-06-29","v0.1.2","TrueforceForAll-Setup-0.1.2.exe",1
"2026-06-29","v0.1.1","TrueforceForAll-Setup-0.1.1.exe",0
"2026-06-29","v0.1.0","TrueforceForAll-Setup.exe",1
"2026-06-30","v0.1.24","TrueforceForAll-Setup-0.1.24.exe",108
"2026-06-30","v0.1.23","TrueforceForAll-Setup-0.1.23.exe",762
"2026-06-30","v0.1.22","TrueforceForAll-Setup-0.1.22.exe",215
"2026-06-30","v0.1.21","TrueforceForAll-Setup-0.1.21.exe",22
"2026-06-30","v0.1.20","TrueforceForAll-Setup-0.1.20.exe",104
"2026-06-30","v0.1.19","TrueforceForAll-Setup-0.1.19.exe",273
"2026-06-30","v0.1.18","TrueforceForAll-Setup-0.1.18.exe",288
"2026-06-30","v0.1.17","TrueforceForAll-Setup-0.1.17.exe",3
"2026-06-30","v0.1.16","TrueforceForAll-Setup-0.1.16.exe",11
"2026-06-30","v0.1.15","TrueforceForAll-Setup-0.1.15.exe",8
"2026-06-30","v0.1.14","TrueforceForAll-Setup-0.1.14.exe",34
"2026-06-30","v0.1.13","TrueforceForAll-Setup-0.1.13.exe",9
"2026-06-30","v0.1.12","TrueforceForAll-Setup-0.1.12.exe",7
"2026-06-30","v0.1.11","TrueforceForAll-Setup-0.1.11.exe",11
"2026-06-30","v0.1.10","TrueforceForAll-Setup-0.1.10.exe",7
"2026-06-30","v0.1.9","TrueforceForAll-Setup-0.1.9.exe",6
"2026-06-30","v0.1.8","TrueforceForAll-Setup-0.1.8.exe",2
"2026-06-30","v0.1.7","TrueforceForAll-Setup-0.1.7.exe",1
"2026-06-30","v0.1.6","TrueforceForAll-Setup-0.1.6.exe",1
"2026-06-30","v0.1.5","TrueforceForAll-Setup-0.1.5.exe",2
"2026-06-30","v0.1.3","TrueforceForAll-Setup-0.1.3.exe",3
"2026-06-30","v0.1.2","TrueforceForAll-Setup-0.1.2.exe",1
"2026-06-30","v0.1.1","TrueforceForAll-Setup-0.1.1.exe",0
"2026-06-30","v0.1.0","TrueforceForAll-Setup.exe",1
"2026-07-01","v0.1.24","TrueforceForAll-Setup-0.1.24.exe",132
"2026-07-01","v0.1.23","TrueforceForAll-Setup-0.1.23.exe",762
"2026-07-01","v0.1.22","TrueforceForAll-Setup-0.1.22.exe",215
"2026-07-01","v0.1.21","TrueforceForAll-Setup-0.1.21.exe",22
"2026-07-01","v0.1.20","TrueforceForAll-Setup-0.1.20.exe",104
"2026-07-01","v0.1.19","TrueforceForAll-Setup-0.1.19.exe",273
"2026-07-01","v0.1.18","TrueforceForAll-Setup-0.1.18.exe",288
"2026-07-01","v0.1.17","TrueforceForAll-Setup-0.1.17.exe",3
"2026-07-01","v0.1.16","TrueforceForAll-Setup-0.1.16.exe",11
"2026-07-01","v0.1.15","TrueforceForAll-Setup-0.1.15.exe",8
"2026-07-01","v0.1.14","TrueforceForAll-Setup-0.1.14.exe",34
"2026-07-01","v0.1.13","TrueforceForAll-Setup-0.1.13.exe",9
"2026-07-01","v0.1.12","TrueforceForAll-Setup-0.1.12.exe",7
"2026-07-01","v0.1.11","TrueforceForAll-Setup-0.1.11.exe",11
"2026-07-01","v0.1.10","TrueforceForAll-Setup-0.1.10.exe",7
"2026-07-01","v0.1.9","TrueforceForAll-Setup-0.1.9.exe",6
"2026-07-01","v0.1.8","TrueforceForAll-Setup-0.1.8.exe",2
"2026-07-01","v0.1.7","TrueforceForAll-Setup-0.1.7.exe",1
"2026-07-01","v0.1.6","TrueforceForAll-Setup-0.1.6.exe",1
"2026-07-01","v0.1.5","TrueforceForAll-Setup-0.1.5.exe",2
"2026-07-01","v0.1.3","TrueforceForAll-Setup-0.1.3.exe",3
"2026-07-01","v0.1.2","TrueforceForAll-Setup-0.1.2.exe",1
"2026-07-01","v0.1.1","TrueforceForAll-Setup-0.1.1.exe",0
"2026-07-01","v0.1.0","TrueforceForAll-Setup.exe",1
"2026-07-02","v0.1.24","TrueforceForAll-Setup-0.1.24.exe",146
"2026-07-02","v0.1.23","TrueforceForAll-Setup-0.1.23.exe",763
"2026-07-02","v0.1.22","TrueforceForAll-Setup-0.1.22.exe",215
"2026-07-02","v0.1.21","TrueforceForAll-Setup-0.1.21.exe",22
"2026-07-02","v0.1.20","TrueforceForAll-Setup-0.1.20.exe",104
"2026-07-02","v0.1.19","TrueforceForAll-Setup-0.1.19.exe",273
"2026-07-02","v0.1.18","TrueforceForAll-Setup-0.1.18.exe",288
"2026-07-02","v0.1.17","TrueforceForAll-Setup-0.1.17.exe",3
"2026-07-02","v0.1.16","TrueforceForAll-Setup-0.1.16.exe",11
"2026-07-02","v0.1.15","TrueforceForAll-Setup-0.1.15.exe",8
"2026-07-02","v0.1.14","TrueforceForAll-Setup-0.1.14.exe",34
"2026-07-02","v0.1.13","TrueforceForAll-Setup-0.1.13.exe",9
"2026-07-02","v0.1.12","TrueforceForAll-Setup-0.1.12.exe",7
"2026-07-02","v0.1.11","TrueforceForAll-Setup-0.1.11.exe",11
"2026-07-02","v0.1.10","TrueforceForAll-Setup-0.1.10.exe",7
"2026-07-02","v0.1.9","TrueforceForAll-Setup-0.1.9.exe",6
"2026-07-02","v0.1.8","TrueforceForAll-Setup-0.1.8.exe",2
"2026-07-02","v0.1.7","TrueforceForAll-Setup-0.1.7.exe",1
"2026-07-02","v0.1.6","TrueforceForAll-Setup-0.1.6.exe",1
"2026-07-02","v0.1.5","TrueforceForAll-Setup-0.1.5.exe",3
"2026-07-02","v0.1.3","TrueforceForAll-Setup-0.1.3.exe",3
"2026-07-02","v0.1.2","TrueforceForAll-Setup-0.1.2.exe",1
"2026-07-02","v0.1.1","TrueforceForAll-Setup-0.1.1.exe",0
"2026-07-02","v0.1.0","TrueforceForAll-Setup.exe",1
"2026-07-03","v0.1.24","TrueforceForAll-Setup-0.1.24.exe",193
"2026-07-03","v0.1.23","TrueforceForAll-Setup-0.1.23.exe",764
"2026-07-03","v0.1.22","TrueforceForAll-Setup-0.1.22.exe",216
"2026-07-03","v0.1.21","TrueforceForAll-Setup-0.1.21.exe",22
"2026-07-03","v0.1.20","TrueforceForAll-Setup-0.1.20.exe",104
"2026-07-03","v0.1.19","TrueforceForAll-Setup-0.1.19.exe",273
"2026-07-03","v0.1.18","TrueforceForAll-Setup-0.1.18.exe",288
"2026-07-03","v0.1.17","TrueforceForAll-Setup-0.1.17.exe",3
"2026-07-03","v0.1.16","TrueforceForAll-Setup-0.1.16.exe",12
"2026-07-03","v0.1.15","TrueforceForAll-Setup-0.1.15.exe",8
"2026-07-03","v0.1.14","TrueforceForAll-Setup-0.1.14.exe",34
"2026-07-03","v0.1.13","TrueforceForAll-Setup-0.1.13.exe",9
"2026-07-03","v0.1.12","TrueforceForAll-Setup-0.1.12.exe",7
"2026-07-03","v0.1.11","TrueforceForAll-Setup-0.1.11.exe",12
"2026-07-03","v0.1.10","TrueforceForAll-Setup-0.1.10.exe",7
"2026-07-03","v0.1.9","TrueforceForAll-Setup-0.1.9.exe",7
"2026-07-03","v0.1.8","TrueforceForAll-Setup-0.1.8.exe",2
"2026-07-03","v0.1.7","TrueforceForAll-Setup-0.1.7.exe",1
"2026-07-03","v0.1.6","TrueforceForAll-Setup-0.1.6.exe",1
"2026-07-03","v0.1.5","TrueforceForAll-Setup-0.1.5.exe",3
"2026-07-03","v0.1.3","TrueforceForAll-Setup-0.1.3.exe",3
"2026-07-03","v0.1.2","TrueforceForAll-Setup-0.1.2.exe",1
"2026-07-03","v0.1.1","TrueforceForAll-Setup-0.1.1.exe",0
"2026-07-03","v0.1.0","TrueforceForAll-Setup.exe",1
"2026-07-04","v0.1.24","TrueforceForAll-Setup-0.1.24.exe",224
"2026-07-04","v0.1.23","TrueforceForAll-Setup-0.1.23.exe",765
"2026-07-04","v0.1.22","TrueforceForAll-Setup-0.1.22.exe",216
"2026-07-04","v0.1.21","TrueforceForAll-Setup-0.1.21.exe",22
"2026-07-04","v0.1.20","TrueforceForAll-Setup-0.1.20.exe",104
"2026-07-04","v0.1.19","TrueforceForAll-Setup-0.1.19.exe",273
"2026-07-04","v0.1.18","TrueforceForAll-Setup-0.1.18.exe",288
"2026-07-04","v0.1.17","TrueforceForAll-Setup-0.1.17.exe",3
"2026-07-04","v0.1.16","TrueforceForAll-Setup-0.1.16.exe",12
"2026-07-04","v0.1.15","TrueforceForAll-Setup-0.1.15.exe",8
"2026-07-04","v0.1.14","TrueforceForAll-Setup-0.1.14.exe",34
"2026-07-04","v0.1.13","TrueforceForAll-Setup-0.1.13.exe",9
"2026-07-04","v0.1.12","TrueforceForAll-Setup-0.1.12.exe",7
"2026-07-04","v0.1.11","TrueforceForAll-Setup-0.1.11.exe",12
"2026-07-04","v0.1.10","TrueforceForAll-Setup-0.1.10.exe",7
"2026-07-04","v0.1.9","TrueforceForAll-Setup-0.1.9.exe",7
"2026-07-04","v0.1.8","TrueforceForAll-Setup-0.1.8.exe",2
"2026-07-04","v0.1.7","TrueforceForAll-Setup-0.1.7.exe",1
"2026-07-04","v0.1.6","TrueforceForAll-Setup-0.1.6.exe",1
"2026-07-04","v0.1.5","TrueforceForAll-Setup-0.1.5.exe",3
"2026-07-04","v0.1.3","TrueforceForAll-Setup-0.1.3.exe",3
"2026-07-04","v0.1.2","TrueforceForAll-Setup-0.1.2.exe",1
"2026-07-04","v0.1.1","TrueforceForAll-Setup-0.1.1.exe",0
"2026-07-04","v0.1.0","TrueforceForAll-Setup.exe",1
"2026-07-05","v0.1.25","TrueforceForAll-Setup-0.1.25.exe",2
"2026-07-05","v0.1.24","TrueforceForAll-Setup-0.1.24.exe",251
"2026-07-05","v0.1.23","TrueforceForAll-Setup-0.1.23.exe",769
"2026-07-05","v0.1.22","TrueforceForAll-Setup-0.1.22.exe",216
"2026-07-05","v0.1.21","TrueforceForAll-Setup-0.1.21.exe",23
"2026-07-05","v0.1.20","TrueforceForAll-Setup-0.1.20.exe",104
"2026-07-05","v0.1.19","TrueforceForAll-Setup-0.1.19.exe",273
"2026-07-05","v0.1.18","TrueforceForAll-Setup-0.1.18.exe",288
"2026-07-05","v0.1.17","TrueforceForAll-Setup-0.1.17.exe",3
"2026-07-05","v0.1.16","TrueforceForAll-Setup-0.1.16.exe",12
"2026-07-05","v0.1.15","TrueforceForAll-Setup-0.1.15.exe",8
"2026-07-05","v0.1.14","TrueforceForAll-Setup-0.1.14.exe",34
"2026-07-05","v0.1.13","TrueforceForAll-Setup-0.1.13.exe",9
"2026-07-05","v0.1.12","TrueforceForAll-Setup-0.1.12.exe",7
"2026-07-05","v0.1.11","TrueforceForAll-Setup-0.1.11.exe",12
"2026-07-05","v0.1.10","TrueforceForAll-Setup-0.1.10.exe",7
"2026-07-05","v0.1.9","TrueforceForAll-Setup-0.1.9.exe",7
"2026-07-05","v0.1.8","TrueforceForAll-Setup-0.1.8.exe",2
"2026-07-05","v0.1.7","TrueforceForAll-Setup-0.1.7.exe",1
"2026-07-05","v0.1.6","TrueforceForAll-Setup-0.1.6.exe",1
"2026-07-05","v0.1.5","TrueforceForAll-Setup-0.1.5.exe",3
"2026-07-05","v0.1.3","TrueforceForAll-Setup-0.1.3.exe",3
"2026-07-05","v0.1.2","TrueforceForAll-Setup-0.1.2.exe",1
"2026-07-05","v0.1.1","TrueforceForAll-Setup-0.1.1.exe",0
"2026-07-05","v0.1.0","TrueforceForAll-Setup.exe",1
"2026-07-06","v0.1.25","TrueforceForAll-Setup-0.1.25.exe",64
"2026-07-06","v0.1.24","TrueforceForAll-Setup-0.1.24.exe",253
"2026-07-06","v0.1.23","TrueforceForAll-Setup-0.1.23.exe",770
"2026-07-06","v0.1.22","TrueforceForAll-Setup-0.1.22.exe",216
"2026-07-06","v0.1.21","TrueforceForAll-Setup-0.1.21.exe",23
"2026-07-06","v0.1.20","TrueforceForAll-Setup-0.1.20.exe",104
"2026-07-06","v0.1.19","TrueforceForAll-Setup-0.1.19.exe",273
"2026-07-06","v0.1.18","TrueforceForAll-Setup-0.1.18.exe",288
"2026-07-06","v0.1.17","TrueforceForAll-Setup-0.1.17.exe",3
"2026-07-06","v0.1.16","TrueforceForAll-Setup-0.1.16.exe",12
"2026-07-06","v0.1.15","TrueforceForAll-Setup-0.1.15.exe",8
"2026-07-06","v0.1.14","TrueforceForAll-Setup-0.1.14.exe",35
"2026-07-06","v0.1.13","TrueforceForAll-Setup-0.1.13.exe",9
"2026-07-06","v0.1.12","TrueforceForAll-Setup-0.1.12.exe",7
"2026-07-06","v0.1.11","TrueforceForAll-Setup-0.1.11.exe",12
"2026-07-06","v0.1.10","TrueforceForAll-Setup-0.1.10.exe",7
"2026-07-06","v0.1.9","TrueforceForAll-Setup-0.1.9.exe",7
"2026-07-06","v0.1.8","TrueforceForAll-Setup-0.1.8.exe",2
"2026-07-06","v0.1.7","TrueforceForAll-Setup-0.1.7.exe",1
"2026-07-06","v0.1.6","TrueforceForAll-Setup-0.1.6.exe",1
"2026-07-06","v0.1.5","TrueforceForAll-Setup-0.1.5.exe",3
"2026-07-06","v0.1.3","TrueforceForAll-Setup-0.1.3.exe",3
"2026-07-06","v0.1.2","TrueforceForAll-Setup-0.1.2.exe",2
"2026-07-06","v0.1.1","TrueforceForAll-Setup-0.1.1.exe",0
"2026-07-06","v0.1.0","TrueforceForAll-Setup.exe",1
"2026-07-07","v0.1.25","TrueforceForAll-Setup-0.1.25.exe",95
"2026-07-07","v0.1.24","TrueforceForAll-Setup-0.1.24.exe",253
"2026-07-07","v0.1.23","TrueforceForAll-Setup-0.1.23.exe",771
"2026-07-07","v0.1.22","TrueforceForAll-Setup-0.1.22.exe",216
"2026-07-07","v0.1.21","TrueforceForAll-Setup-0.1.21.exe",23
"2026-07-07","v0.1.20","TrueforceForAll-Setup-0.1.20.exe",104
"2026-07-07","v0.1.19","TrueforceForAll-Setup-0.1.19.exe",273
"2026-07-07","v0.1.18","TrueforceForAll-Setup-0.1.18.exe",288
"2026-07-07","v0.1.17","TrueforceForAll-Setup-0.1.17.exe",3
"2026-07-07","v0.1.16","TrueforceForAll-Setup-0.1.16.exe",12
"2026-07-07","v0.1.15","TrueforceForAll-Setup-0.1.15.exe",8
"2026-07-07","v0.1.14","TrueforceForAll-Setup-0.1.14.exe",35
"2026-07-07","v0.1.13","TrueforceForAll-Setup-0.1.13.exe",9
"2026-07-07","v0.1.12","TrueforceForAll-Setup-0.1.12.exe",7
"2026-07-07","v0.1.11","TrueforceForAll-Setup-0.1.11.exe",12
"2026-07-07","v0.1.10","TrueforceForAll-Setup-0.1.10.exe",7
"2026-07-07","v0.1.9","TrueforceForAll-Setup-0.1.9.exe",7
"2026-07-07","v0.1.8","TrueforceForAll-Setup-0.1.8.exe",2
"2026-07-07","v0.1.7","TrueforceForAll-Setup-0.1.7.exe",1
"2026-07-07","v0.1.6","TrueforceForAll-Setup-0.1.6.exe",1
"2026-07-07","v0.1.5","TrueforceForAll-Setup-0.1.5.exe",3
"2026-07-07","v0.1.3","TrueforceForAll-Setup-0.1.3.exe",3
"2026-07-07","v0.1.2","TrueforceForAll-Setup-0.1.2.exe",2
"2026-07-07","v0.1.1","TrueforceForAll-Setup-0.1.1.exe",0
"2026-07-07","v0.1.0","TrueforceForAll-Setup.exe",1
"2026-07-08","v0.1.25","TrueforceForAll-Setup-0.1.25.exe",119
"2026-07-08","v0.1.24","TrueforceForAll-Setup-0.1.24.exe",253
"2026-07-08","v0.1.23","TrueforceForAll-Setup-0.1.23.exe",771
"2026-07-08","v0.1.22","TrueforceForAll-Setup-0.1.22.exe",216
"2026-07-08","v0.1.21","TrueforceForAll-Setup-0.1.21.exe",23
"2026-07-08","v0.1.20","TrueforceForAll-Setup-0.1.20.exe",104
"2026-07-08","v0.1.19","TrueforceForAll-Setup-0.1.19.exe",273
"2026-07-08","v0.1.18","TrueforceForAll-Setup-0.1.18.exe",288
"2026-07-08","v0.1.17","TrueforceForAll-Setup-0.1.17.exe",3
"2026-07-08","v0.1.16","TrueforceForAll-Setup-0.1.16.exe",12
"2026-07-08","v0.1.15","TrueforceForAll-Setup-0.1.15.exe",8
"2026-07-08","v0.1.14","TrueforceForAll-Setup-0.1.14.exe",35
"2026-07-08","v0.1.13","TrueforceForAll-Setup-0.1.13.exe",9
"2026-07-08","v0.1.12","TrueforceForAll-Setup-0.1.12.exe",7
"2026-07-08","v0.1.11","TrueforceForAll-Setup-0.1.11.exe",12
"2026-07-08","v0.1.10","TrueforceForAll-Setup-0.1.10.exe",7
"2026-07-08","v0.1.9","TrueforceForAll-Setup-0.1.9.exe",7
"2026-07-08","v0.1.8","TrueforceForAll-Setup-0.1.8.exe",2
"2026-07-08","v0.1.7","TrueforceForAll-Setup-0.1.7.exe",1
"2026-07-08","v0.1.6","TrueforceForAll-Setup-0.1.6.exe",1
"2026-07-08","v0.1.5","TrueforceForAll-Setup-0.1.5.exe",3
"2026-07-08","v0.1.3","TrueforceForAll-Setup-0.1.3.exe",4
"2026-07-08","v0.1.2","TrueforceForAll-Setup-0.1.2.exe",2
"2026-07-08","v0.1.1","TrueforceForAll-Setup-0.1.1.exe",0
"2026-07-08","v0.1.0","TrueforceForAll-Setup.exe",1
"2026-07-09","v0.1.25","TrueforceForAll-Setup-0.1.25.exe",155
"2026-07-09","v0.1.24","TrueforceForAll-Setup-0.1.24.exe",255
"2026-07-09","v0.1.23","TrueforceForAll-Setup-0.1.23.exe",773
"2026-07-09","v0.1.22","TrueforceForAll-Setup-0.1.22.exe",218
"2026-07-09","v0.1.21","TrueforceForAll-Setup-0.1.21.exe",23
"2026-07-09","v0.1.20","TrueforceForAll-Setup-0.1.20.exe",104
"2026-07-09","v0.1.19","TrueforceForAll-Setup-0.1.19.exe",273
"2026-07-09","v0.1.18","TrueforceForAll-Setup-0.1.18.exe",288
"2026-07-09","v0.1.17","TrueforceForAll-Setup-0.1.17.exe",3
"2026-07-09","v0.1.16","TrueforceForAll-Setup-0.1.16.exe",12
"2026-07-09","v0.1.15","TrueforceForAll-Setup-0.1.15.exe",8
"2026-07-09","v0.1.14","TrueforceForAll-Setup-0.1.14.exe",35
"2026-07-09","v0.1.13","TrueforceForAll-Setup-0.1.13.exe",9
"2026-07-09","v0.1.12","TrueforceForAll-Setup-0.1.12.exe",7
"2026-07-09","v0.1.11","TrueforceForAll-Setup-0.1.11.exe",12
"2026-07-09","v0.1.10","TrueforceForAll-Setup-0.1.10.exe",7
"2026-07-09","v0.1.9","TrueforceForAll-Setup-0.1.9.exe",7
"2026-07-09","v0.1.8","TrueforceForAll-Setup-0.1.8.exe",2
"2026-07-09","v0.1.7","TrueforceForAll-Setup-0.1.7.exe",1
"2026-07-09","v0.1.6","TrueforceForAll-Setup-0.1.6.exe",1
"2026-07-09","v0.1.5","TrueforceForAll-Setup-0.1.5.exe",3
"2026-07-09","v0.1.3","TrueforceForAll-Setup-0.1.3.exe",4
"2026-07-09","v0.1.2","TrueforceForAll-Setup-0.1.2.exe",2
"2026-07-09","v0.1.1","TrueforceForAll-Setup-0.1.1.exe",0
"2026-07-09","v0.1.0","TrueforceForAll-Setup.exe",1
"2026-07-10","v0.1.25","TrueforceForAll-Setup-0.1.25.exe",174
"2026-07-10","v0.1.24","TrueforceForAll-Setup-0.1.24.exe",256
"2026-07-10","v0.1.23","TrueforceForAll-Setup-0.1.23.exe",773
"2026-07-10","v0.1.22","TrueforceForAll-Setup-0.1.22.exe",218
"2026-07-10","v0.1.21","TrueforceForAll-Setup-0.1.21.exe",23
"2026-07-10","v0.1.20","TrueforceForAll-Setup-0.1.20.exe",104
"2026-07-10","v0.1.19","TrueforceForAll-Setup-0.1.19.exe",273
"2026-07-10","v0.1.18","TrueforceForAll-Setup-0.1.18.exe",289
"2026-07-10","v0.1.17","TrueforceForAll-Setup-0.1.17.exe",3
"2026-07-10","v0.1.16","TrueforceForAll-Setup-0.1.16.exe",12
"2026-07-10","v0.1.15","TrueforceForAll-Setup-0.1.15.exe",8
"2026-07-10","v0.1.14","TrueforceForAll-Setup-0.1.14.exe",35
"2026-07-10","v0.1.13","TrueforceForAll-Setup-0.1.13.exe",9
"2026-07-10","v0.1.12","TrueforceForAll-Setup-0.1.12.exe",7
"2026-07-10","v0.1.11","TrueforceForAll-Setup-0.1.11.exe",12
"2026-07-10","v0.1.10","TrueforceForAll-Setup-0.1.10.exe",7
"2026-07-10","v0.1.9","TrueforceForAll-Setup-0.1.9.exe",7
"2026-07-10","v0.1.8","TrueforceForAll-Setup-0.1.8.exe",2
"2026-07-10","v0.1.7","TrueforceForAll-Setup-0.1.7.exe",1
"2026-07-10","v0.1.6","TrueforceForAll-Setup-0.1.6.exe",1
"2026-07-10","v0.1.5","TrueforceForAll-Setup-0.1.5.exe",3
"2026-07-10","v0.1.3","TrueforceForAll-Setup-0.1.3.exe",4
"2026-07-10","v0.1.2","TrueforceForAll-Setup-0.1.2.exe",2
"2026-07-10","v0.1.1","TrueforceForAll-Setup-0.1.1.exe",0
"2026-07-10","v0.1.0","TrueforceForAll-Setup.exe",1
"2026-07-11","v0.1.25","TrueforceForAll-Setup-0.1.25.exe",196
"2026-07-11","v0.1.24","TrueforceForAll-Setup-0.1.24.exe",256
"2026-07-11","v0.1.23","TrueforceForAll-Setup-0.1.23.exe",773
"2026-07-11","v0.1.22","TrueforceForAll-Setup-0.1.22.exe",218
"2026-07-11","v0.1.21","TrueforceForAll-Setup-0.1.21.exe",23
"2026-07-11","v0.1.20","TrueforceForAll-Setup-0.1.20.exe",104
"2026-07-11","v0.1.19","TrueforceForAll-Setup-0.1.19.exe",273
"2026-07-11","v0.1.18","TrueforceForAll-Setup-0.1.18.exe",289
"2026-07-11","v0.1.17","TrueforceForAll-Setup-0.1.17.exe",3
"2026-07-11","v0.1.16","TrueforceForAll-Setup-0.1.16.exe",12
"2026-07-11","v0.1.15","TrueforceForAll-Setup-0.1.15.exe",8
"2026-07-11","v0.1.14","TrueforceForAll-Setup-0.1.14.exe",35
"2026-07-11","v0.1.13","TrueforceForAll-Setup-0.1.13.exe",9
"2026-07-11","v0.1.12","TrueforceForAll-Setup-0.1.12.exe",7
"2026-07-11","v0.1.11","TrueforceForAll-Setup-0.1.11.exe",12
"2026-07-11","v0.1.10","TrueforceForAll-Setup-0.1.10.exe",7
"2026-07-11","v0.1.9","TrueforceForAll-Setup-0.1.9.exe",7
"2026-07-11","v0.1.8","TrueforceForAll-Setup-0.1.8.exe",2
"2026-07-11","v0.1.7","TrueforceForAll-Setup-0.1.7.exe",1
"2026-07-11","v0.1.6","TrueforceForAll-Setup-0.1.6.exe",1
"2026-07-11","v0.1.5","TrueforceForAll-Setup-0.1.5.exe",3
"2026-07-11","v0.1.3","TrueforceForAll-Setup-0.1.3.exe",4
"2026-07-11","v0.1.2","TrueforceForAll-Setup-0.1.2.exe",2
"2026-07-11","v0.1.1","TrueforceForAll-Setup-0.1.1.exe",0
"2026-07-11","v0.1.0","TrueforceForAll-Setup.exe",1
"2026-07-12","v0.2.0","TrueforceForAll-Setup-0.2.0.exe",5
"2026-07-12","v0.1.25","TrueforceForAll-Setup-0.1.25.exe",222
"2026-07-12","v0.1.24","TrueforceForAll-Setup-0.1.24.exe",256
"2026-07-12","v0.1.23","TrueforceForAll-Setup-0.1.23.exe",773
"2026-07-12","v0.1.22","TrueforceForAll-Setup-0.1.22.exe",218
"2026-07-12","v0.1.21","TrueforceForAll-Setup-0.1.21.exe",23
"2026-07-12","v0.1.20","TrueforceForAll-Setup-0.1.20.exe",104
"2026-07-12","v0.1.19","TrueforceForAll-Setup-0.1.19.exe",273
"2026-07-12","v0.1.18","TrueforceForAll-Setup-0.1.18.exe",289
"2026-07-12","v0.1.17","TrueforceForAll-Setup-0.1.17.exe",3
"2026-07-12","v0.1.16","TrueforceForAll-Setup-0.1.16.exe",12
"2026-07-12","v0.1.15","TrueforceForAll-Setup-0.1.15.exe",8
"2026-07-12","v0.1.14","TrueforceForAll-Setup-0.1.14.exe",35
"2026-07-12","v0.1.13","TrueforceForAll-Setup-0.1.13.exe",9
"2026-07-12","v0.1.12","TrueforceForAll-Setup-0.1.12.exe",7
"2026-07-12","v0.1.11","TrueforceForAll-Setup-0.1.11.exe",12
"2026-07-12","v0.1.10","TrueforceForAll-Setup-0.1.10.exe",7
"2026-07-12","v0.1.9","TrueforceForAll-Setup-0.1.9.exe",7
"2026-07-12","v0.1.8","TrueforceForAll-Setup-0.1.8.exe",2
"2026-07-12","v0.1.7","TrueforceForAll-Setup-0.1.7.exe",1
"2026-07-12","v0.1.6","TrueforceForAll-Setup-0.1.6.exe",1
"2026-07-12","v0.1.5","TrueforceForAll-Setup-0.1.5.exe",3
"2026-07-12","v0.1.3","TrueforceForAll-Setup-0.1.3.exe",4
"2026-07-12","v0.1.2","TrueforceForAll-Setup-0.1.2.exe",2
"2026-07-12","v0.1.1","TrueforceForAll-Setup-0.1.1.exe",1
"2026-07-12","v0.1.0","TrueforceForAll-Setup.exe",1
"2026-07-13","v0.2.0","TrueforceForAll-Setup-0.2.0.exe",6
"2026-07-13","v0.1.25","TrueforceForAll-Setup-0.1.25.exe",240
"2026-07-13","v0.1.24","TrueforceForAll-Setup-0.1.24.exe",256
"2026-07-13","v0.1.23","TrueforceForAll-Setup-0.1.23.exe",773
"2026-07-13","v0.1.22","TrueforceForAll-Setup-0.1.22.exe",218
"2026-07-13","v0.1.21","TrueforceForAll-Setup-0.1.21.exe",23
"2026-07-13","v0.1.20","TrueforceForAll-Setup-0.1.20.exe",104
"2026-07-13","v0.1.19","TrueforceForAll-Setup-0.1.19.exe",273
"2026-07-13","v0.1.18","TrueforceForAll-Setup-0.1.18.exe",289
"2026-07-13","v0.1.17","TrueforceForAll-Setup-0.1.17.exe",3
"2026-07-13","v0.1.16","TrueforceForAll-Setup-0.1.16.exe",12
"2026-07-13","v0.1.15","TrueforceForAll-Setup-0.1.15.exe",8
"2026-07-13","v0.1.14","TrueforceForAll-Setup-0.1.14.exe",35
"2026-07-13","v0.1.13","TrueforceForAll-Setup-0.1.13.exe",9
"2026-07-13","v0.1.12","TrueforceForAll-Setup-0.1.12.exe",7
"2026-07-13","v0.1.11","TrueforceForAll-Setup-0.1.11.exe",12
"2026-07-13","v0.1.10","TrueforceForAll-Setup-0.1.10.exe",7
"2026-07-13","v0.1.9","TrueforceForAll-Setup-0.1.9.exe",7
"2026-07-13","v0.1.8","TrueforceForAll-Setup-0.1.8.exe",2
"2026-07-13","v0.1.7","TrueforceForAll-Setup-0.1.7.exe",1
"2026-07-13","v0.1.6","TrueforceForAll-Setup-0.1.6.exe",1
"2026-07-13","v0.1.5","TrueforceForAll-Setup-0.1.5.exe",3
"2026-07-13","v0.1.3","TrueforceForAll-Setup-0.1.3.exe",4
"2026-07-13","v0.1.2","TrueforceForAll-Setup-0.1.2.exe",2
"2026-07-13","v0.1.1","TrueforceForAll-Setup-0.1.1.exe",1
"2026-07-13","v0.1.0","TrueforceForAll-Setup.exe",2
"2026-07-14","v0.2.0","TrueforceForAll-Setup-0.2.0.exe",15
"2026-07-14","v0.1.25","TrueforceForAll-Setup-0.1.25.exe",255
"2026-07-14","v0.1.24","TrueforceForAll-Setup-0.1.24.exe",256
"2026-07-14","v0.1.23","TrueforceForAll-Setup-0.1.23.exe",773
"2026-07-14","v0.1.22","TrueforceForAll-Setup-0.1.22.exe",218
"2026-07-14","v0.1.21","TrueforceForAll-Setup-0.1.21.exe",23
"2026-07-14","v0.1.20","TrueforceForAll-Setup-0.1.20.exe",105
"2026-07-14","v0.1.19","TrueforceForAll-Setup-0.1.19.exe",273
"2026-07-14","v0.1.18","TrueforceForAll-Setup-0.1.18.exe",289
"2026-07-14","v0.1.17","TrueforceForAll-Setup-0.1.17.exe",3
"2026-07-14","v0.1.16","TrueforceForAll-Setup-0.1.16.exe",12
"2026-07-14","v0.1.15","TrueforceForAll-Setup-0.1.15.exe",8
"2026-07-14","v0.1.14","TrueforceForAll-Setup-0.1.14.exe",35
"2026-07-14","v0.1.13","TrueforceForAll-Setup-0.1.13.exe",9
"2026-07-14","v0.1.12","TrueforceForAll-Setup-0.1.12.exe",8
"2026-07-14","v0.1.11","TrueforceForAll-Setup-0.1.11.exe",12
"2026-07-14","v0.1.10","TrueforceForAll-Setup-0.1.10.exe",7
"2026-07-14","v0.1.9","TrueforceForAll-Setup-0.1.9.exe",7
"2026-07-14","v0.1.8","TrueforceForAll-Setup-0.1.8.exe",2
"2026-07-14","v0.1.7","TrueforceForAll-Setup-0.1.7.exe",1
"2026-07-14","v0.1.6","TrueforceForAll-Setup-0.1.6.exe",1
"2026-07-14","v0.1.5","TrueforceForAll-Setup-0.1.5.exe",3
"2026-07-14","v0.1.3","TrueforceForAll-Setup-0.1.3.exe",4
"2026-07-14","v0.1.2","TrueforceForAll-Setup-0.1.2.exe",2
"2026-07-14","v0.1.1","TrueforceForAll-Setup-0.1.1.exe",1
"2026-07-14","v0.1.0","TrueforceForAll-Setup.exe",2
